<?xml version="1.0" encoding="utf-8"?>
<gpx xmlns="http://www.topografix.com/GPX/1/1" version="1.1" creator="https://mapy.com/">
	<trk>
		<name>Route von Peißenberg nach Peißenberg</name>
		<trkseg>
			<trkpt lat="47.800409" lon="11.071826">
				<ele>584.000000</ele>
			</trkpt>
			<trkpt lat="47.800379" lon="11.071700">
				<ele>584.000000</ele>
			</trkpt>
			<trkpt lat="47.800325" lon="11.071431">
				<ele>584.000000</ele>
			</trkpt>
			<trkpt lat="47.800222" lon="11.070936">
				<ele>584.000000</ele>
			</trkpt>
			<trkpt lat="47.800210" lon="11.070891">
				<ele>584.000000</ele>
			</trkpt>
			<trkpt lat="47.800186" lon="11.070784">
				<ele>584.000000</ele>
			</trkpt>
			<trkpt lat="47.800011" lon="11.069930">
				<ele>584.000000</ele>
			</trkpt>
			<trkpt lat="47.799987" lon="11.069786">
				<ele>584.000000</ele>
			</trkpt>
			<trkpt lat="47.799969" lon="11.069356">
				<ele>584.000000</ele>
			</trkpt>
			<trkpt lat="47.799939" lon="11.069167">
				<ele>584.000000</ele>
			</trkpt>
			<trkpt lat="47.799908" lon="11.069140">
				<ele>584.000000</ele>
			</trkpt>
			<trkpt lat="47.799824" lon="11.069050">
				<ele>584.000000</ele>
			</trkpt>
			<trkpt lat="47.799727" lon="11.068798">
				<ele>584.000000</ele>
			</trkpt>
			<trkpt lat="47.799661" lon="11.068439">
				<ele>585.000000</ele>
			</trkpt>
			<trkpt lat="47.799631" lon="11.068142">
				<ele>585.000000</ele>
			</trkpt>
			<trkpt lat="47.799595" lon="11.067891">
				<ele>585.000000</ele>
			</trkpt>
			<trkpt lat="47.799534" lon="11.067576">
				<ele>585.000000</ele>
			</trkpt>
			<trkpt lat="47.799468" lon="11.067272">
				<ele>585.000000</ele>
			</trkpt>
			<trkpt lat="47.799426" lon="11.066939">
				<ele>585.000000</ele>
			</trkpt>
			<trkpt lat="47.799414" lon="11.066849">
				<ele>585.000000</ele>
			</trkpt>
			<trkpt lat="47.799407" lon="11.066823">
				<ele>585.000000</ele>
			</trkpt>
			<trkpt lat="47.799377" lon="11.066696">
				<ele>585.000000</ele>
			</trkpt>
			<trkpt lat="47.799341" lon="11.066534">
				<ele>585.000000</ele>
			</trkpt>
			<trkpt lat="47.799299" lon="11.066373">
				<ele>585.000000</ele>
			</trkpt>
			<trkpt lat="47.799220" lon="11.066175">
				<ele>585.000000</ele>
			</trkpt>
			<trkpt lat="47.799136" lon="11.065941">
				<ele>586.000000</ele>
			</trkpt>
			<trkpt lat="47.799094" lon="11.065861">
				<ele>586.000000</ele>
			</trkpt>
			<trkpt lat="47.798937" lon="11.065519">
				<ele>586.000000</ele>
			</trkpt>
			<trkpt lat="47.798852" lon="11.064675">
				<ele>586.000000</ele>
			</trkpt>
			<trkpt lat="47.798834" lon="11.064486">
				<ele>586.000000</ele>
			</trkpt>
			<trkpt lat="47.798756" lon="11.064001">
				<ele>586.000000</ele>
			</trkpt>
			<trkpt lat="47.798653" lon="11.063435">
				<ele>587.000000</ele>
			</trkpt>
			<trkpt lat="47.798581" lon="11.063372">
				<ele>587.000000</ele>
			</trkpt>
			<trkpt lat="47.798484" lon="11.062438">
				<ele>587.000000</ele>
			</trkpt>
			<trkpt lat="47.798472" lon="11.062322">
				<ele>587.000000</ele>
			</trkpt>
			<trkpt lat="47.798454" lon="11.062186">
				<ele>587.000000</ele>
			</trkpt>
			<trkpt lat="47.798400" lon="11.062079">
				<ele>587.000000</ele>
			</trkpt>
			<trkpt lat="47.798237" lon="11.061980">
				<ele>587.000000</ele>
			</trkpt>
			<trkpt lat="47.798044" lon="11.061953">
				<ele>587.000000</ele>
			</trkpt>
			<trkpt lat="47.797893" lon="11.061972">
				<ele>587.000000</ele>
			</trkpt>
			<trkpt lat="47.797706" lon="11.062016">
				<ele>587.000000</ele>
			</trkpt>
			<trkpt lat="47.797651" lon="11.062043">
				<ele>587.000000</ele>
			</trkpt>
			<trkpt lat="47.797175" lon="11.062241">
				<ele>588.000000</ele>
			</trkpt>
			<trkpt lat="47.796710" lon="11.062420">
				<ele>588.000000</ele>
			</trkpt>
			<trkpt lat="47.796233" lon="11.062591">
				<ele>588.000000</ele>
			</trkpt>
			<trkpt lat="47.795937" lon="11.062708">
				<ele>588.000000</ele>
			</trkpt>
			<trkpt lat="47.795835" lon="11.063130">
				<ele>589.000000</ele>
			</trkpt>
			<trkpt lat="47.795660" lon="11.063966">
				<ele>589.000000</ele>
			</trkpt>
			<trkpt lat="47.795587" lon="11.064146">
				<ele>589.000000</ele>
			</trkpt>
			<trkpt lat="47.795545" lon="11.064163">
				<ele>589.000000</ele>
			</trkpt>
			<trkpt lat="47.795455" lon="11.064173">
				<ele>589.000000</ele>
			</trkpt>
			<trkpt lat="47.795237" lon="11.064262">
				<ele>589.000000</ele>
			</trkpt>
			<trkpt lat="47.795062" lon="11.064262">
				<ele>589.000000</ele>
			</trkpt>
			<trkpt lat="47.794923" lon="11.064406">
				<ele>589.000000</ele>
			</trkpt>
			<trkpt lat="47.794718" lon="11.064567">
				<ele>590.000000</ele>
			</trkpt>
			<trkpt lat="47.794483" lon="11.064810">
				<ele>590.000000</ele>
			</trkpt>
			<trkpt lat="47.794350" lon="11.064918">
				<ele>590.000000</ele>
			</trkpt>
			<trkpt lat="47.794260" lon="11.064989">
				<ele>590.000000</ele>
			</trkpt>
			<trkpt lat="47.794115" lon="11.064980">
				<ele>590.000000</ele>
			</trkpt>
			<trkpt lat="47.793946" lon="11.064909">
				<ele>590.000000</ele>
			</trkpt>
			<trkpt lat="47.793819" lon="11.064783">
				<ele>590.000000</ele>
			</trkpt>
			<trkpt lat="47.793723" lon="11.064855">
				<ele>590.000000</ele>
			</trkpt>
			<trkpt lat="47.793692" lon="11.064945">
				<ele>590.000000</ele>
			</trkpt>
			<trkpt lat="47.793602" lon="11.065358">
				<ele>590.000000</ele>
			</trkpt>
			<trkpt lat="47.793584" lon="11.065439">
				<ele>590.000000</ele>
			</trkpt>
			<trkpt lat="47.793554" lon="11.065555">
				<ele>590.000000</ele>
			</trkpt>
			<trkpt lat="47.793529" lon="11.065609">
				<ele>590.000000</ele>
			</trkpt>
			<trkpt lat="47.793505" lon="11.065645">
				<ele>590.000000</ele>
			</trkpt>
			<trkpt lat="47.793469" lon="11.065645">
				<ele>590.000000</ele>
			</trkpt>
			<trkpt lat="47.793372" lon="11.065654">
				<ele>590.000000</ele>
			</trkpt>
			<trkpt lat="47.793282" lon="11.065691">
				<ele>590.000000</ele>
			</trkpt>
			<trkpt lat="47.793167" lon="11.065771">
				<ele>590.000000</ele>
			</trkpt>
			<trkpt lat="47.792691" lon="11.066094">
				<ele>590.000000</ele>
			</trkpt>
			<trkpt lat="47.792413" lon="11.066283">
				<ele>590.000000</ele>
			</trkpt>
			<trkpt lat="47.791785" lon="11.066723">
				<ele>590.000000</ele>
			</trkpt>
			<trkpt lat="47.791646" lon="11.066857">
				<ele>590.000000</ele>
			</trkpt>
			<trkpt lat="47.791465" lon="11.067119">
				<ele>590.000000</ele>
			</trkpt>
			<trkpt lat="47.791405" lon="11.067199">
				<ele>590.000000</ele>
			</trkpt>
			<trkpt lat="47.791170" lon="11.067379">
				<ele>590.000000</ele>
			</trkpt>
			<trkpt lat="47.791037" lon="11.067532">
				<ele>590.000000</ele>
			</trkpt>
			<trkpt lat="47.791001" lon="11.067622">
				<ele>590.000000</ele>
			</trkpt>
			<trkpt lat="47.790910" lon="11.067802">
				<ele>590.000000</ele>
			</trkpt>
			<trkpt lat="47.790832" lon="11.067954">
				<ele>590.000000</ele>
			</trkpt>
			<trkpt lat="47.790783" lon="11.068062">
				<ele>590.000000</ele>
			</trkpt>
			<trkpt lat="47.790705" lon="11.068331">
				<ele>590.000000</ele>
			</trkpt>
			<trkpt lat="47.790651" lon="11.068412">
				<ele>590.000000</ele>
			</trkpt>
			<trkpt lat="47.790608" lon="11.068439">
				<ele>590.000000</ele>
			</trkpt>
			<trkpt lat="47.790542" lon="11.068448">
				<ele>590.000000</ele>
			</trkpt>
			<trkpt lat="47.790494" lon="11.068475">
				<ele>590.000000</ele>
			</trkpt>
			<trkpt lat="47.790458" lon="11.068538">
				<ele>590.000000</ele>
			</trkpt>
			<trkpt lat="47.790355" lon="11.068754">
				<ele>590.000000</ele>
			</trkpt>
			<trkpt lat="47.790258" lon="11.068960">
				<ele>590.000000</ele>
			</trkpt>
			<trkpt lat="47.790331" lon="11.069507">
				<ele>590.000000</ele>
			</trkpt>
			<trkpt lat="47.790289" lon="11.069660">
				<ele>590.000000</ele>
			</trkpt>
			<trkpt lat="47.790264" lon="11.069634">
				<ele>590.000000</ele>
			</trkpt>
			<trkpt lat="47.790246" lon="11.069616">
				<ele>590.000000</ele>
			</trkpt>
			<trkpt lat="47.790216" lon="11.069616">
				<ele>590.000000</ele>
			</trkpt>
			<trkpt lat="47.790192" lon="11.069634">
				<ele>590.000000</ele>
			</trkpt>
			<trkpt lat="47.790174" lon="11.069652">
				<ele>590.000000</ele>
			</trkpt>
			<trkpt lat="47.790144" lon="11.069634">
				<ele>590.000000</ele>
			</trkpt>
			<trkpt lat="47.789993" lon="11.069652">
				<ele>590.000000</ele>
			</trkpt>
			<trkpt lat="47.789939" lon="11.069687">
				<ele>590.000000</ele>
			</trkpt>
			<trkpt lat="47.789709" lon="11.070083">
				<ele>590.000000</ele>
			</trkpt>
			<trkpt lat="47.789486" lon="11.070335">
				<ele>590.000000</ele>
			</trkpt>
			<trkpt lat="47.789214" lon="11.070505">
				<ele>590.000000</ele>
			</trkpt>
			<trkpt lat="47.788913" lon="11.070586">
				<ele>590.000000</ele>
			</trkpt>
			<trkpt lat="47.788629" lon="11.070578">
				<ele>590.000000</ele>
			</trkpt>
			<trkpt lat="47.788291" lon="11.070433">
				<ele>590.000000</ele>
			</trkpt>
			<trkpt lat="47.787863" lon="11.071152">
				<ele>590.000000</ele>
			</trkpt>
			<trkpt lat="47.787669" lon="11.071494">
				<ele>590.000000</ele>
			</trkpt>
			<trkpt lat="47.786921" lon="11.072823">
				<ele>590.000000</ele>
			</trkpt>
			<trkpt lat="47.786740" lon="11.073056">
				<ele>590.000000</ele>
			</trkpt>
			<trkpt lat="47.786511" lon="11.073263">
				<ele>590.000000</ele>
			</trkpt>
			<trkpt lat="47.786378" lon="11.072966">
				<ele>590.000000</ele>
			</trkpt>
			<trkpt lat="47.786137" lon="11.072392">
				<ele>590.000000</ele>
			</trkpt>
			<trkpt lat="47.786118" lon="11.072186">
				<ele>590.000000</ele>
			</trkpt>
			<trkpt lat="47.786034" lon="11.072167">
				<ele>590.000000</ele>
			</trkpt>
			<trkpt lat="47.785986" lon="11.072123">
				<ele>590.000000</ele>
			</trkpt>
			<trkpt lat="47.785835" lon="11.071870">
				<ele>590.000000</ele>
			</trkpt>
			<trkpt lat="47.785768" lon="11.071790">
				<ele>590.000000</ele>
			</trkpt>
			<trkpt lat="47.785654" lon="11.071736">
				<ele>590.000000</ele>
			</trkpt>
			<trkpt lat="47.785581" lon="11.071736">
				<ele>590.000000</ele>
			</trkpt>
			<trkpt lat="47.785484" lon="11.071826">
				<ele>590.000000</ele>
			</trkpt>
			<trkpt lat="47.785357" lon="11.072006">
				<ele>590.000000</ele>
			</trkpt>
			<trkpt lat="47.785261" lon="11.072123">
				<ele>590.000000</ele>
			</trkpt>
			<trkpt lat="47.785122" lon="11.072194">
				<ele>590.000000</ele>
			</trkpt>
			<trkpt lat="47.785080" lon="11.072203">
				<ele>590.000000</ele>
			</trkpt>
			<trkpt lat="47.784929" lon="11.072239">
				<ele>590.000000</ele>
			</trkpt>
			<trkpt lat="47.784802" lon="11.072275">
				<ele>590.000000</ele>
			</trkpt>
			<trkpt lat="47.784470" lon="11.072266">
				<ele>590.000000</ele>
			</trkpt>
			<trkpt lat="47.784392" lon="11.072266">
				<ele>590.000000</ele>
			</trkpt>
			<trkpt lat="47.783541" lon="11.072284">
				<ele>590.000000</ele>
			</trkpt>
			<trkpt lat="47.783137" lon="11.072293">
				<ele>590.000000</ele>
			</trkpt>
			<trkpt lat="47.782738" lon="11.072284">
				<ele>590.000000</ele>
			</trkpt>
			<trkpt lat="47.782636" lon="11.072266">
				<ele>590.000000</ele>
			</trkpt>
			<trkpt lat="47.782563" lon="11.072230">
				<ele>590.000000</ele>
			</trkpt>
			<trkpt lat="47.782485" lon="11.072186">
				<ele>590.000000</ele>
			</trkpt>
			<trkpt lat="47.782430" lon="11.072140">
				<ele>590.000000</ele>
			</trkpt>
			<trkpt lat="47.782370" lon="11.072050">
				<ele>590.000000</ele>
			</trkpt>
			<trkpt lat="47.782219" lon="11.071834">
				<ele>590.000000</ele>
			</trkpt>
			<trkpt lat="47.782177" lon="11.071781">
				<ele>590.000000</ele>
			</trkpt>
			<trkpt lat="47.782080" lon="11.071681">
				<ele>590.000000</ele>
			</trkpt>
			<trkpt lat="47.781984" lon="11.071610">
				<ele>590.000000</ele>
			</trkpt>
			<trkpt lat="47.781802" lon="11.071583">
				<ele>590.000000</ele>
			</trkpt>
			<trkpt lat="47.781736" lon="11.071565">
				<ele>590.000000</ele>
			</trkpt>
			<trkpt lat="47.781651" lon="11.071557">
				<ele>590.000000</ele>
			</trkpt>
			<trkpt lat="47.781331" lon="11.071448">
				<ele>590.000000</ele>
			</trkpt>
			<trkpt lat="47.781150" lon="11.071331">
				<ele>590.000000</ele>
			</trkpt>
			<trkpt lat="47.780637" lon="11.070891">
				<ele>590.000000</ele>
			</trkpt>
			<trkpt lat="47.780336" lon="11.070639">
				<ele>590.000000</ele>
			</trkpt>
			<trkpt lat="47.780318" lon="11.070631">
				<ele>590.000000</ele>
			</trkpt>
			<trkpt lat="47.779877" lon="11.070262">
				<ele>591.000000</ele>
			</trkpt>
			<trkpt lat="47.779811" lon="11.070209">
				<ele>591.000000</ele>
			</trkpt>
			<trkpt lat="47.779792" lon="11.070191">
				<ele>591.000000</ele>
			</trkpt>
			<trkpt lat="47.779575" lon="11.070073">
				<ele>591.000000</ele>
			</trkpt>
			<trkpt lat="47.779473" lon="11.070039">
				<ele>591.000000</ele>
			</trkpt>
			<trkpt lat="47.779412" lon="11.070020">
				<ele>591.000000</ele>
			</trkpt>
			<trkpt lat="47.779358" lon="11.070002">
				<ele>591.000000</ele>
			</trkpt>
			<trkpt lat="47.779340" lon="11.070002">
				<ele>591.000000</ele>
			</trkpt>
			<trkpt lat="47.779213" lon="11.069975">
				<ele>591.000000</ele>
			</trkpt>
			<trkpt lat="47.779117" lon="11.069966">
				<ele>591.000000</ele>
			</trkpt>
			<trkpt lat="47.779001" lon="11.069966">
				<ele>591.000000</ele>
			</trkpt>
			<trkpt lat="47.778917" lon="11.069975">
				<ele>591.000000</ele>
			</trkpt>
			<trkpt lat="47.778796" lon="11.070002">
				<ele>591.000000</ele>
			</trkpt>
			<trkpt lat="47.778530" lon="11.070119">
				<ele>592.000000</ele>
			</trkpt>
			<trkpt lat="47.778301" lon="11.070245">
				<ele>592.000000</ele>
			</trkpt>
			<trkpt lat="47.778066" lon="11.070415">
				<ele>592.000000</ele>
			</trkpt>
			<trkpt lat="47.777861" lon="11.070559">
				<ele>592.000000</ele>
			</trkpt>
			<trkpt lat="47.777529" lon="11.070855">
				<ele>592.000000</ele>
			</trkpt>
			<trkpt lat="47.777191" lon="11.071205">
				<ele>592.000000</ele>
			</trkpt>
			<trkpt lat="47.776774" lon="11.071771">
				<ele>593.000000</ele>
			</trkpt>
			<trkpt lat="47.776526" lon="11.072194">
				<ele>593.000000</ele>
			</trkpt>
			<trkpt lat="47.776387" lon="11.072086">
				<ele>595.000000</ele>
			</trkpt>
			<trkpt lat="47.776152" lon="11.071997">
				<ele>597.000000</ele>
			</trkpt>
			<trkpt lat="47.775766" lon="11.071934">
				<ele>600.000000</ele>
			</trkpt>
			<trkpt lat="47.775301" lon="11.071916">
				<ele>606.000000</ele>
			</trkpt>
			<trkpt lat="47.775017" lon="11.071916">
				<ele>609.000000</ele>
			</trkpt>
			<trkpt lat="47.774782" lon="11.071951">
				<ele>610.000000</ele>
			</trkpt>
			<trkpt lat="47.774552" lon="11.072014">
				<ele>610.000000</ele>
			</trkpt>
			<trkpt lat="47.774395" lon="11.072068">
				<ele>610.000000</ele>
			</trkpt>
			<trkpt lat="47.773834" lon="11.072266">
				<ele>611.000000</ele>
			</trkpt>
			<trkpt lat="47.773472" lon="11.072356">
				<ele>615.000000</ele>
			</trkpt>
			<trkpt lat="47.773303" lon="11.072310">
				<ele>617.000000</ele>
			</trkpt>
			<trkpt lat="47.772759" lon="11.072167">
				<ele>622.000000</ele>
			</trkpt>
			<trkpt lat="47.772530" lon="11.072104">
				<ele>623.000000</ele>
			</trkpt>
			<trkpt lat="47.772294" lon="11.072077">
				<ele>625.000000</ele>
			</trkpt>
			<trkpt lat="47.771962" lon="11.072123">
				<ele>627.000000</ele>
			</trkpt>
			<trkpt lat="47.771558" lon="11.072302">
				<ele>631.000000</ele>
			</trkpt>
			<trkpt lat="47.770984" lon="11.072760">
				<ele>639.000000</ele>
			</trkpt>
			<trkpt lat="47.770369" lon="11.073245">
				<ele>649.000000</ele>
			</trkpt>
			<trkpt lat="47.770242" lon="11.073407">
				<ele>650.000000</ele>
			</trkpt>
			<trkpt lat="47.770157" lon="11.073515">
				<ele>651.000000</ele>
			</trkpt>
			<trkpt lat="47.770079" lon="11.073685">
				<ele>653.000000</ele>
			</trkpt>
			<trkpt lat="47.770067" lon="11.073838">
				<ele>654.000000</ele>
			</trkpt>
			<trkpt lat="47.770025" lon="11.074242">
				<ele>657.000000</ele>
			</trkpt>
			<trkpt lat="47.769982" lon="11.074341">
				<ele>658.000000</ele>
			</trkpt>
			<trkpt lat="47.769910" lon="11.074386">
				<ele>659.000000</ele>
			</trkpt>
			<trkpt lat="47.769807" lon="11.074368">
				<ele>660.000000</ele>
			</trkpt>
			<trkpt lat="47.769728" lon="11.074270">
				<ele>661.000000</ele>
			</trkpt>
			<trkpt lat="47.769607" lon="11.073981">
				<ele>664.000000</ele>
			</trkpt>
			<trkpt lat="47.769414" lon="11.073586">
				<ele>668.000000</ele>
			</trkpt>
			<trkpt lat="47.769221" lon="11.073407">
				<ele>671.000000</ele>
			</trkpt>
			<trkpt lat="47.769101" lon="11.073407">
				<ele>672.000000</ele>
			</trkpt>
			<trkpt lat="47.768648" lon="11.073614">
				<ele>677.000000</ele>
			</trkpt>
			<trkpt lat="47.768279" lon="11.073784">
				<ele>680.000000</ele>
			</trkpt>
			<trkpt lat="47.768020" lon="11.073855">
				<ele>681.000000</ele>
			</trkpt>
			<trkpt lat="47.767778" lon="11.073901">
				<ele>681.000000</ele>
			</trkpt>
			<trkpt lat="47.767404" lon="11.073874">
				<ele>682.000000</ele>
			</trkpt>
			<trkpt lat="47.767102" lon="11.073820">
				<ele>682.000000</ele>
			</trkpt>
			<trkpt lat="47.766976" lon="11.073685">
				<ele>683.000000</ele>
			</trkpt>
			<trkpt lat="47.766860" lon="11.072247">
				<ele>684.000000</ele>
			</trkpt>
			<trkpt lat="47.766709" lon="11.071897">
				<ele>685.000000</ele>
			</trkpt>
			<trkpt lat="47.766516" lon="11.071664">
				<ele>685.000000</ele>
			</trkpt>
			<trkpt lat="47.766190" lon="11.071538">
				<ele>686.000000</ele>
			</trkpt>
			<trkpt lat="47.765804" lon="11.071251">
				<ele>687.000000</ele>
			</trkpt>
			<trkpt lat="47.765417" lon="11.070999">
				<ele>688.000000</ele>
			</trkpt>
			<trkpt lat="47.765031" lon="11.070838">
				<ele>688.000000</ele>
			</trkpt>
			<trkpt lat="47.764131" lon="11.070262">
				<ele>690.000000</ele>
			</trkpt>
			<trkpt lat="47.763751" lon="11.070039">
				<ele>692.000000</ele>
			</trkpt>
			<trkpt lat="47.763576" lon="11.069849">
				<ele>692.000000</ele>
			</trkpt>
			<trkpt lat="47.763437" lon="11.069634">
				<ele>693.000000</ele>
			</trkpt>
			<trkpt lat="47.763262" lon="11.069220">
				<ele>694.000000</ele>
			</trkpt>
			<trkpt lat="47.763189" lon="11.069014">
				<ele>695.000000</ele>
			</trkpt>
			<trkpt lat="47.763135" lon="11.068762">
				<ele>696.000000</ele>
			</trkpt>
			<trkpt lat="47.763068" lon="11.068286">
				<ele>697.000000</ele>
			</trkpt>
			<trkpt lat="47.763038" lon="11.067909">
				<ele>698.000000</ele>
			</trkpt>
			<trkpt lat="47.762978" lon="11.067693">
				<ele>698.000000</ele>
			</trkpt>
			<trkpt lat="47.762857" lon="11.067343">
				<ele>699.000000</ele>
			</trkpt>
			<trkpt lat="47.762766" lon="11.066796">
				<ele>700.000000</ele>
			</trkpt>
			<trkpt lat="47.762610" lon="11.065897">
				<ele>700.000000</ele>
			</trkpt>
			<trkpt lat="47.762555" lon="11.065331">
				<ele>700.000000</ele>
			</trkpt>
			<trkpt lat="47.762483" lon="11.065106">
				<ele>700.000000</ele>
			</trkpt>
			<trkpt lat="47.762404" lon="11.064989">
				<ele>700.000000</ele>
			</trkpt>
			<trkpt lat="47.762284" lon="11.064828">
				<ele>700.000000</ele>
			</trkpt>
			<trkpt lat="47.762091" lon="11.064666">
				<ele>700.000000</ele>
			</trkpt>
			<trkpt lat="47.761800" lon="11.064513">
				<ele>700.000000</ele>
			</trkpt>
			<trkpt lat="47.761752" lon="11.064496">
				<ele>700.000000</ele>
			</trkpt>
			<trkpt lat="47.761505" lon="11.064379">
				<ele>700.000000</ele>
			</trkpt>
			<trkpt lat="47.761281" lon="11.064297">
				<ele>700.000000</ele>
			</trkpt>
			<trkpt lat="47.761070" lon="11.064217">
				<ele>700.000000</ele>
			</trkpt>
			<trkpt lat="47.760882" lon="11.064154">
				<ele>700.000000</ele>
			</trkpt>
			<trkpt lat="47.760755" lon="11.064127">
				<ele>700.000000</ele>
			</trkpt>
			<trkpt lat="47.760653" lon="11.064100">
				<ele>700.000000</ele>
			</trkpt>
			<trkpt lat="47.760448" lon="11.063930">
				<ele>700.000000</ele>
			</trkpt>
			<trkpt lat="47.760255" lon="11.063714">
				<ele>700.000000</ele>
			</trkpt>
			<trkpt lat="47.760146" lon="11.063588">
				<ele>700.000000</ele>
			</trkpt>
			<trkpt lat="47.759977" lon="11.063462">
				<ele>700.000000</ele>
			</trkpt>
			<trkpt lat="47.759403" lon="11.063157">
				<ele>700.000000</ele>
			</trkpt>
			<trkpt lat="47.759071" lon="11.063022">
				<ele>700.000000</ele>
			</trkpt>
			<trkpt lat="47.758274" lon="11.062825">
				<ele>701.000000</ele>
			</trkpt>
			<trkpt lat="47.757440" lon="11.062438">
				<ele>702.000000</ele>
			</trkpt>
			<trkpt lat="47.757048" lon="11.062249">
				<ele>703.000000</ele>
			</trkpt>
			<trkpt lat="47.756571" lon="11.062169">
				<ele>703.000000</ele>
			</trkpt>
			<trkpt lat="47.756371" lon="11.062106">
				<ele>704.000000</ele>
			</trkpt>
			<trkpt lat="47.760188" lon="11.056257">
				<ele>713.000000</ele>
			</trkpt>
			<trkpt lat="47.760261" lon="11.056141">
				<ele>713.000000</ele>
			</trkpt>
			<trkpt lat="47.760629" lon="11.055907">
				<ele>715.000000</ele>
			</trkpt>
			<trkpt lat="47.761595" lon="11.055324">
				<ele>717.000000</ele>
			</trkpt>
			<trkpt lat="47.761655" lon="11.055288">
				<ele>718.000000</ele>
			</trkpt>
			<trkpt lat="47.762017" lon="11.055108">
				<ele>719.000000</ele>
			</trkpt>
			<trkpt lat="47.762127" lon="11.054911">
				<ele>719.000000</ele>
			</trkpt>
			<trkpt lat="47.762163" lon="11.054712">
				<ele>720.000000</ele>
			</trkpt>
			<trkpt lat="47.762175" lon="11.054093">
				<ele>721.000000</ele>
			</trkpt>
			<trkpt lat="47.762181" lon="11.053814">
				<ele>723.000000</ele>
			</trkpt>
			<trkpt lat="47.762193" lon="11.051668">
				<ele>731.000000</ele>
			</trkpt>
			<trkpt lat="47.762223" lon="11.051156">
				<ele>733.000000</ele>
			</trkpt>
			<trkpt lat="47.762247" lon="11.050833">
				<ele>734.000000</ele>
			</trkpt>
			<trkpt lat="47.762344" lon="11.050177">
				<ele>737.000000</ele>
			</trkpt>
			<trkpt lat="47.762471" lon="11.049422">
				<ele>740.000000</ele>
			</trkpt>
			<trkpt lat="47.762598" lon="11.049242">
				<ele>740.000000</ele>
			</trkpt>
			<trkpt lat="47.762779" lon="11.049242">
				<ele>740.000000</ele>
			</trkpt>
			<trkpt lat="47.763050" lon="11.049259">
				<ele>740.000000</ele>
			</trkpt>
			<trkpt lat="47.763202" lon="11.049269">
				<ele>740.000000</ele>
			</trkpt>
			<trkpt lat="47.763244" lon="11.049135">
				<ele>740.000000</ele>
			</trkpt>
			<trkpt lat="47.763280" lon="11.048963">
				<ele>740.000000</ele>
			</trkpt>
			<trkpt lat="47.763340" lon="11.048649">
				<ele>740.000000</ele>
			</trkpt>
			<trkpt lat="47.763383" lon="11.048407">
				<ele>740.000000</ele>
			</trkpt>
			<trkpt lat="47.763425" lon="11.048146">
				<ele>740.000000</ele>
			</trkpt>
			<trkpt lat="47.763461" lon="11.047948">
				<ele>740.000000</ele>
			</trkpt>
			<trkpt lat="47.763232" lon="11.047787">
				<ele>740.000000</ele>
			</trkpt>
			<trkpt lat="47.763056" lon="11.047617">
				<ele>740.000000</ele>
			</trkpt>
			<trkpt lat="47.762948" lon="11.047481">
				<ele>740.000000</ele>
			</trkpt>
			<trkpt lat="47.762875" lon="11.047382">
				<ele>740.000000</ele>
			</trkpt>
			<trkpt lat="47.762845" lon="11.047320">
				<ele>740.000000</ele>
			</trkpt>
			<trkpt lat="47.762827" lon="11.047238">
				<ele>740.000000</ele>
			</trkpt>
			<trkpt lat="47.762815" lon="11.046888">
				<ele>740.000000</ele>
			</trkpt>
			<trkpt lat="47.762791" lon="11.046512">
				<ele>740.000000</ele>
			</trkpt>
			<trkpt lat="47.762760" lon="11.046080">
				<ele>740.000000</ele>
			</trkpt>
			<trkpt lat="47.762748" lon="11.045909">
				<ele>740.000000</ele>
			</trkpt>
			<trkpt lat="47.762718" lon="11.045693">
				<ele>740.000000</ele>
			</trkpt>
			<trkpt lat="47.762664" lon="11.045496">
				<ele>740.000000</ele>
			</trkpt>
			<trkpt lat="47.762604" lon="11.045298">
				<ele>740.000000</ele>
			</trkpt>
			<trkpt lat="47.762471" lon="11.045056">
				<ele>740.000000</ele>
			</trkpt>
			<trkpt lat="47.762290" lon="11.044724">
				<ele>740.000000</ele>
			</trkpt>
			<trkpt lat="47.762139" lon="11.044454">
				<ele>740.000000</ele>
			</trkpt>
			<trkpt lat="47.761885" lon="11.044041">
				<ele>740.000000</ele>
			</trkpt>
			<trkpt lat="47.761746" lon="11.043789">
				<ele>740.000000</ele>
			</trkpt>
			<trkpt lat="47.761655" lon="11.043556">
				<ele>740.000000</ele>
			</trkpt>
			<trkpt lat="47.761553" lon="11.043403">
				<ele>739.000000</ele>
			</trkpt>
			<trkpt lat="47.761468" lon="11.043296">
				<ele>739.000000</ele>
			</trkpt>
			<trkpt lat="47.761402" lon="11.043242">
				<ele>739.000000</ele>
			</trkpt>
			<trkpt lat="47.761233" lon="11.043116">
				<ele>738.000000</ele>
			</trkpt>
			<trkpt lat="47.760937" lon="11.042856">
				<ele>737.000000</ele>
			</trkpt>
			<trkpt lat="47.760454" lon="11.042477">
				<ele>736.000000</ele>
			</trkpt>
			<trkpt lat="47.760055" lon="11.042101">
				<ele>734.000000</ele>
			</trkpt>
			<trkpt lat="47.759989" lon="11.042028">
				<ele>734.000000</ele>
			</trkpt>
			<trkpt lat="47.759911" lon="11.041948">
				<ele>734.000000</ele>
			</trkpt>
			<trkpt lat="47.759819" lon="11.041885">
				<ele>733.000000</ele>
			</trkpt>
			<trkpt lat="47.759747" lon="11.041840">
				<ele>733.000000</ele>
			</trkpt>
			<trkpt lat="47.759554" lon="11.041759">
				<ele>733.000000</ele>
			</trkpt>
			<trkpt lat="47.759409" lon="11.041588">
				<ele>733.000000</ele>
			</trkpt>
			<trkpt lat="47.759264" lon="11.041418">
				<ele>732.000000</ele>
			</trkpt>
			<trkpt lat="47.759150" lon="11.041256">
				<ele>732.000000</ele>
			</trkpt>
			<trkpt lat="47.758908" lon="11.040843">
				<ele>732.000000</ele>
			</trkpt>
			<trkpt lat="47.758437" lon="11.039432">
				<ele>732.000000</ele>
			</trkpt>
			<trkpt lat="47.758262" lon="11.039127">
				<ele>732.000000</ele>
			</trkpt>
			<trkpt lat="47.758135" lon="11.039019">
				<ele>732.000000</ele>
			</trkpt>
			<trkpt lat="47.757966" lon="11.038866">
				<ele>731.000000</ele>
			</trkpt>
			<trkpt lat="47.758063" lon="11.038588">
				<ele>731.000000</ele>
			</trkpt>
			<trkpt lat="47.758286" lon="11.038300">
				<ele>731.000000</ele>
			</trkpt>
			<trkpt lat="47.758515" lon="11.038193">
				<ele>731.000000</ele>
			</trkpt>
			<trkpt lat="47.758714" lon="11.037923">
				<ele>731.000000</ele>
			</trkpt>
			<trkpt lat="47.759240" lon="11.037204">
				<ele>731.000000</ele>
			</trkpt>
			<trkpt lat="47.759397" lon="11.036665">
				<ele>731.000000</ele>
			</trkpt>
			<trkpt lat="47.759506" lon="11.036531">
				<ele>730.000000</ele>
			</trkpt>
			<trkpt lat="47.759899" lon="11.036208">
				<ele>730.000000</ele>
			</trkpt>
			<trkpt lat="47.760086" lon="11.035902">
				<ele>730.000000</ele>
			</trkpt>
			<trkpt lat="47.760158" lon="11.035112">
				<ele>730.000000</ele>
			</trkpt>
			<trkpt lat="47.759941" lon="11.034600">
				<ele>730.000000</ele>
			</trkpt>
			<trkpt lat="47.759681" lon="11.034061">
				<ele>731.000000</ele>
			</trkpt>
			<trkpt lat="47.759433" lon="11.034007">
				<ele>731.000000</ele>
			</trkpt>
			<trkpt lat="47.759204" lon="11.033854">
				<ele>732.000000</ele>
			</trkpt>
			<trkpt lat="47.759089" lon="11.033692">
				<ele>732.000000</ele>
			</trkpt>
			<trkpt lat="47.759168" lon="11.032982">
				<ele>733.000000</ele>
			</trkpt>
			<trkpt lat="47.759174" lon="11.032848">
				<ele>733.000000</ele>
			</trkpt>
			<trkpt lat="47.759192" lon="11.032399">
				<ele>733.000000</ele>
			</trkpt>
			<trkpt lat="47.759156" lon="11.031797">
				<ele>734.000000</ele>
			</trkpt>
			<trkpt lat="47.759095" lon="11.031240">
				<ele>734.000000</ele>
			</trkpt>
			<trkpt lat="47.758920" lon="11.029776">
				<ele>736.000000</ele>
			</trkpt>
			<trkpt lat="47.758860" lon="11.028275">
				<ele>737.000000</ele>
			</trkpt>
			<trkpt lat="47.758920" lon="11.027736">
				<ele>738.000000</ele>
			</trkpt>
			<trkpt lat="47.759059" lon="11.027063">
				<ele>739.000000</ele>
			</trkpt>
			<trkpt lat="47.759186" lon="11.026470">
				<ele>739.000000</ele>
			</trkpt>
			<trkpt lat="47.759300" lon="11.025931">
				<ele>740.000000</ele>
			</trkpt>
			<trkpt lat="47.759656" lon="11.023964">
				<ele>742.000000</ele>
			</trkpt>
			<trkpt lat="47.759723" lon="11.023298">
				<ele>742.000000</ele>
			</trkpt>
			<trkpt lat="47.759741" lon="11.022931">
				<ele>742.000000</ele>
			</trkpt>
			<trkpt lat="47.759681" lon="11.022077">
				<ele>743.000000</ele>
			</trkpt>
			<trkpt lat="47.759620" lon="11.019220">
				<ele>745.000000</ele>
			</trkpt>
			<trkpt lat="47.759608" lon="11.018556">
				<ele>746.000000</ele>
			</trkpt>
			<trkpt lat="47.759632" lon="11.015348">
				<ele>749.000000</ele>
			</trkpt>
			<trkpt lat="47.759391" lon="11.013444">
				<ele>750.000000</ele>
			</trkpt>
			<trkpt lat="47.759216" lon="11.012258">
				<ele>750.000000</ele>
			</trkpt>
			<trkpt lat="47.759143" lon="11.011612">
				<ele>750.000000</ele>
			</trkpt>
			<trkpt lat="47.759119" lon="11.011379">
				<ele>750.000000</ele>
			</trkpt>
			<trkpt lat="47.759113" lon="11.011126">
				<ele>750.000000</ele>
			</trkpt>
			<trkpt lat="47.759119" lon="11.010893">
				<ele>750.000000</ele>
			</trkpt>
			<trkpt lat="47.759137" lon="11.010813">
				<ele>750.000000</ele>
			</trkpt>
			<trkpt lat="47.759143" lon="11.010668">
				<ele>750.000000</ele>
			</trkpt>
			<trkpt lat="47.759415" lon="11.007830">
				<ele>750.000000</ele>
			</trkpt>
			<trkpt lat="47.759717" lon="11.005224">
				<ele>750.000000</ele>
			</trkpt>
			<trkpt lat="47.759874" lon="11.003905">
				<ele>750.000000</ele>
			</trkpt>
			<trkpt lat="47.759892" lon="11.003725">
				<ele>750.000000</ele>
			</trkpt>
			<trkpt lat="47.760104" lon="11.001882">
				<ele>749.000000</ele>
			</trkpt>
			<trkpt lat="47.760116" lon="11.001614">
				<ele>749.000000</ele>
			</trkpt>
			<trkpt lat="47.760086" lon="11.001263">
				<ele>749.000000</ele>
			</trkpt>
			<trkpt lat="47.760007" lon="11.000670">
				<ele>749.000000</ele>
			</trkpt>
			<trkpt lat="47.759971" lon="11.000400">
				<ele>749.000000</ele>
			</trkpt>
			<trkpt lat="47.759856" lon="10.999538">
				<ele>749.000000</ele>
			</trkpt>
			<trkpt lat="47.759747" lon="10.998702">
				<ele>748.000000</ele>
			</trkpt>
			<trkpt lat="47.759675" lon="10.998173">
				<ele>748.000000</ele>
			</trkpt>
			<trkpt lat="47.759626" lon="10.997804">
				<ele>748.000000</ele>
			</trkpt>
			<trkpt lat="47.759427" lon="10.996286">
				<ele>748.000000</ele>
			</trkpt>
			<trkpt lat="47.759306" lon="10.995370">
				<ele>748.000000</ele>
			</trkpt>
			<trkpt lat="47.759282" lon="10.995289">
				<ele>748.000000</ele>
			</trkpt>
			<trkpt lat="47.759306" lon="10.995236">
				<ele>748.000000</ele>
			</trkpt>
			<trkpt lat="47.759319" lon="10.995154">
				<ele>748.000000</ele>
			</trkpt>
			<trkpt lat="47.759349" lon="10.994723">
				<ele>748.000000</ele>
			</trkpt>
			<trkpt lat="47.759367" lon="10.994643">
				<ele>748.000000</ele>
			</trkpt>
			<trkpt lat="47.759397" lon="10.994580">
				<ele>748.000000</ele>
			</trkpt>
			<trkpt lat="47.759288" lon="10.994391">
				<ele>747.000000</ele>
			</trkpt>
			<trkpt lat="47.759198" lon="10.994238">
				<ele>747.000000</ele>
			</trkpt>
			<trkpt lat="47.759011" lon="10.993905">
				<ele>746.000000</ele>
			</trkpt>
			<trkpt lat="47.758473" lon="10.992989">
				<ele>744.000000</ele>
			</trkpt>
			<trkpt lat="47.757808" lon="10.991857">
				<ele>742.000000</ele>
			</trkpt>
			<trkpt lat="47.757519" lon="10.991301">
				<ele>740.000000</ele>
			</trkpt>
			<trkpt lat="47.757422" lon="10.991102">
				<ele>740.000000</ele>
			</trkpt>
			<trkpt lat="47.757175" lon="10.990626">
				<ele>740.000000</ele>
			</trkpt>
			<trkpt lat="47.757139" lon="10.990555">
				<ele>740.000000</ele>
			</trkpt>
			<trkpt lat="47.756402" lon="10.989047">
				<ele>740.000000</ele>
			</trkpt>
			<trkpt lat="47.756172" lon="10.988578">
				<ele>740.000000</ele>
			</trkpt>
			<trkpt lat="47.756015" lon="10.988399">
				<ele>741.000000</ele>
			</trkpt>
			<trkpt lat="47.755888" lon="10.988345">
				<ele>741.000000</ele>
			</trkpt>
			<trkpt lat="47.755828" lon="10.988328">
				<ele>741.000000</ele>
			</trkpt>
			<trkpt lat="47.755773" lon="10.988309">
				<ele>741.000000</ele>
			</trkpt>
			<trkpt lat="47.755665" lon="10.988282">
				<ele>741.000000</ele>
			</trkpt>
			<trkpt lat="47.755508" lon="10.988292">
				<ele>741.000000</ele>
			</trkpt>
			<trkpt lat="47.755254" lon="10.988309">
				<ele>741.000000</ele>
			</trkpt>
			<trkpt lat="47.755212" lon="10.988301">
				<ele>741.000000</ele>
			</trkpt>
			<trkpt lat="47.755176" lon="10.988292">
				<ele>741.000000</ele>
			</trkpt>
			<trkpt lat="47.755158" lon="10.988282">
				<ele>741.000000</ele>
			</trkpt>
			<trkpt lat="47.755140" lon="10.988255">
				<ele>741.000000</ele>
			</trkpt>
			<trkpt lat="47.755122" lon="10.988228">
				<ele>741.000000</ele>
			</trkpt>
			<trkpt lat="47.755109" lon="10.988175">
				<ele>741.000000</ele>
			</trkpt>
			<trkpt lat="47.755043" lon="10.987672">
				<ele>742.000000</ele>
			</trkpt>
			<trkpt lat="47.755031" lon="10.987590">
				<ele>742.000000</ele>
			</trkpt>
			<trkpt lat="47.755013" lon="10.987456">
				<ele>742.000000</ele>
			</trkpt>
			<trkpt lat="47.755013" lon="10.987286">
				<ele>742.000000</ele>
			</trkpt>
			<trkpt lat="47.755013" lon="10.987070">
				<ele>742.000000</ele>
			</trkpt>
			<trkpt lat="47.755043" lon="10.986844">
				<ele>742.000000</ele>
			</trkpt>
			<trkpt lat="47.755025" lon="10.986747">
				<ele>742.000000</ele>
			</trkpt>
			<trkpt lat="47.754976" lon="10.986567">
				<ele>742.000000</ele>
			</trkpt>
			<trkpt lat="47.754879" lon="10.986279">
				<ele>743.000000</ele>
			</trkpt>
			<trkpt lat="47.754855" lon="10.986217">
				<ele>743.000000</ele>
			</trkpt>
			<trkpt lat="47.754771" lon="10.985974">
				<ele>743.000000</ele>
			</trkpt>
			<trkpt lat="47.754680" lon="10.985749">
				<ele>743.000000</ele>
			</trkpt>
			<trkpt lat="47.754421" lon="10.985147">
				<ele>743.000000</ele>
			</trkpt>
			<trkpt lat="47.754216" lon="10.984734">
				<ele>744.000000</ele>
			</trkpt>
			<trkpt lat="47.754264" lon="10.984680">
				<ele>744.000000</ele>
			</trkpt>
			<trkpt lat="47.754143" lon="10.984456">
				<ele>744.000000</ele>
			</trkpt>
			<trkpt lat="47.753949" lon="10.984033">
				<ele>744.000000</ele>
			</trkpt>
			<trkpt lat="47.753756" lon="10.983548">
				<ele>745.000000</ele>
			</trkpt>
			<trkpt lat="47.753485" lon="10.982794">
				<ele>745.000000</ele>
			</trkpt>
			<trkpt lat="47.753346" lon="10.982443">
				<ele>745.000000</ele>
			</trkpt>
			<trkpt lat="47.753237" lon="10.982236">
				<ele>745.000000</ele>
			</trkpt>
			<trkpt lat="47.753037" lon="10.981931">
				<ele>746.000000</ele>
			</trkpt>
			<trkpt lat="47.752905" lon="10.981716">
				<ele>746.000000</ele>
			</trkpt>
			<trkpt lat="47.752772" lon="10.981491">
				<ele>746.000000</ele>
			</trkpt>
			<trkpt lat="47.752518" lon="10.980925">
				<ele>746.000000</ele>
			</trkpt>
			<trkpt lat="47.752313" lon="10.980494">
				<ele>747.000000</ele>
			</trkpt>
			<trkpt lat="47.752186" lon="10.980225">
				<ele>747.000000</ele>
			</trkpt>
			<trkpt lat="47.752053" lon="10.980054">
				<ele>747.000000</ele>
			</trkpt>
			<trkpt lat="47.751643" lon="10.979586">
				<ele>748.000000</ele>
			</trkpt>
			<trkpt lat="47.751425" lon="10.979353">
				<ele>748.000000</ele>
			</trkpt>
			<trkpt lat="47.751226" lon="10.979137">
				<ele>748.000000</ele>
			</trkpt>
			<trkpt lat="47.751123" lon="10.978994">
				<ele>748.000000</ele>
			</trkpt>
			<trkpt lat="47.750990" lon="10.978805">
				<ele>748.000000</ele>
			</trkpt>
			<trkpt lat="47.750386" lon="10.977619">
				<ele>749.000000</ele>
			</trkpt>
			<trkpt lat="47.750350" lon="10.977548">
				<ele>749.000000</ele>
			</trkpt>
			<trkpt lat="47.750314" lon="10.977502">
				<ele>749.000000</ele>
			</trkpt>
			<trkpt lat="47.750277" lon="10.977539">
				<ele>749.000000</ele>
			</trkpt>
			<trkpt lat="47.750024" lon="10.976999">
				<ele>750.000000</ele>
			</trkpt>
			<trkpt lat="47.749625" lon="10.976209">
				<ele>750.000000</ele>
			</trkpt>
			<trkpt lat="47.749420" lon="10.975823">
				<ele>750.000000</ele>
			</trkpt>
			<trkpt lat="47.749390" lon="10.975760">
				<ele>750.000000</ele>
			</trkpt>
			<trkpt lat="47.749269" lon="10.975581">
				<ele>750.000000</ele>
			</trkpt>
			<trkpt lat="47.749184" lon="10.975454">
				<ele>750.000000</ele>
			</trkpt>
			<trkpt lat="47.749015" lon="10.975275">
				<ele>750.000000</ele>
			</trkpt>
			<trkpt lat="47.748846" lon="10.975112">
				<ele>750.000000</ele>
			</trkpt>
			<trkpt lat="47.748671" lon="10.975023">
				<ele>750.000000</ele>
			</trkpt>
			<trkpt lat="47.748448" lon="10.974942">
				<ele>750.000000</ele>
			</trkpt>
			<trkpt lat="47.748145" lon="10.974952">
				<ele>750.000000</ele>
			</trkpt>
			<trkpt lat="47.748012" lon="10.974925">
				<ele>750.000000</ele>
			</trkpt>
			<trkpt lat="47.747789" lon="10.974879">
				<ele>750.000000</ele>
			</trkpt>
			<trkpt lat="47.747662" lon="10.974789">
				<ele>750.000000</ele>
			</trkpt>
			<trkpt lat="47.747729" lon="10.974665">
				<ele>750.000000</ele>
			</trkpt>
			<trkpt lat="47.747221" lon="10.974233">
				<ele>750.000000</ele>
			</trkpt>
			<trkpt lat="47.747070" lon="10.974125">
				<ele>750.000000</ele>
			</trkpt>
			<trkpt lat="47.746859" lon="10.974089">
				<ele>750.000000</ele>
			</trkpt>
			<trkpt lat="47.746569" lon="10.974026">
				<ele>750.000000</ele>
			</trkpt>
			<trkpt lat="47.745934" lon="10.973946">
				<ele>750.000000</ele>
			</trkpt>
			<trkpt lat="47.745753" lon="10.973873">
				<ele>750.000000</ele>
			</trkpt>
			<trkpt lat="47.745470" lon="10.973757">
				<ele>750.000000</ele>
			</trkpt>
			<trkpt lat="47.745161" lon="10.973657">
				<ele>750.000000</ele>
			</trkpt>
			<trkpt lat="47.744908" lon="10.973577">
				<ele>750.000000</ele>
			</trkpt>
			<trkpt lat="47.744509" lon="10.973514">
				<ele>750.000000</ele>
			</trkpt>
			<trkpt lat="47.744189" lon="10.973433">
				<ele>750.000000</ele>
			</trkpt>
			<trkpt lat="47.743960" lon="10.973325">
				<ele>750.000000</ele>
			</trkpt>
			<trkpt lat="47.743512" lon="10.973074">
				<ele>750.000000</ele>
			</trkpt>
			<trkpt lat="47.743428" lon="10.973038">
				<ele>750.000000</ele>
			</trkpt>
			<trkpt lat="47.743319" lon="10.973020">
				<ele>750.000000</ele>
			</trkpt>
			<trkpt lat="47.743223" lon="10.972994">
				<ele>750.000000</ele>
			</trkpt>
			<trkpt lat="47.743210" lon="10.973083">
				<ele>750.000000</ele>
			</trkpt>
			<trkpt lat="47.743132" lon="10.973065">
				<ele>750.000000</ele>
			</trkpt>
			<trkpt lat="47.742993" lon="10.973038">
				<ele>750.000000</ele>
			</trkpt>
			<trkpt lat="47.742836" lon="10.973038">
				<ele>750.000000</ele>
			</trkpt>
			<trkpt lat="47.742655" lon="10.973057">
				<ele>750.000000</ele>
			</trkpt>
			<trkpt lat="47.742407" lon="10.973091">
				<ele>750.000000</ele>
			</trkpt>
			<trkpt lat="47.741543" lon="10.973271">
				<ele>750.000000</ele>
			</trkpt>
			<trkpt lat="47.741301" lon="10.973317">
				<ele>750.000000</ele>
			</trkpt>
			<trkpt lat="47.741151" lon="10.973353">
				<ele>750.000000</ele>
			</trkpt>
			<trkpt lat="47.741060" lon="10.973388">
				<ele>750.000000</ele>
			</trkpt>
			<trkpt lat="47.740987" lon="10.973415">
				<ele>750.000000</ele>
			</trkpt>
			<trkpt lat="47.740908" lon="10.973470">
				<ele>750.000000</ele>
			</trkpt>
			<trkpt lat="47.740806" lon="10.973559">
				<ele>750.000000</ele>
			</trkpt>
			<trkpt lat="47.740667" lon="10.973720">
				<ele>750.000000</ele>
			</trkpt>
			<trkpt lat="47.740516" lon="10.973927">
				<ele>750.000000</ele>
			</trkpt>
			<trkpt lat="47.740402" lon="10.974070">
				<ele>750.000000</ele>
			</trkpt>
			<trkpt lat="47.740316" lon="10.974125">
				<ele>750.000000</ele>
			</trkpt>
			<trkpt lat="47.740220" lon="10.974170">
				<ele>750.000000</ele>
			</trkpt>
			<trkpt lat="47.740135" lon="10.974188">
				<ele>750.000000</ele>
			</trkpt>
			<trkpt lat="47.740039" lon="10.974250">
				<ele>750.000000</ele>
			</trkpt>
			<trkpt lat="47.739978" lon="10.974305">
				<ele>750.000000</ele>
			</trkpt>
			<trkpt lat="47.739906" lon="10.974403">
				<ele>750.000000</ele>
			</trkpt>
			<trkpt lat="47.739870" lon="10.974485">
				<ele>750.000000</ele>
			</trkpt>
			<trkpt lat="47.739822" lon="10.974602">
				<ele>750.000000</ele>
			</trkpt>
			<trkpt lat="47.739797" lon="10.974709">
				<ele>750.000000</ele>
			</trkpt>
			<trkpt lat="47.739785" lon="10.974835">
				<ele>749.000000</ele>
			</trkpt>
			<trkpt lat="47.739700" lon="10.975544">
				<ele>744.000000</ele>
			</trkpt>
			<trkpt lat="47.739616" lon="10.976307">
				<ele>739.000000</ele>
			</trkpt>
			<trkpt lat="47.739567" lon="10.976667">
				<ele>736.000000</ele>
			</trkpt>
			<trkpt lat="47.739549" lon="10.976793">
				<ele>735.000000</ele>
			</trkpt>
			<trkpt lat="47.739525" lon="10.976847">
				<ele>735.000000</ele>
			</trkpt>
			<trkpt lat="47.739495" lon="10.976883">
				<ele>735.000000</ele>
			</trkpt>
			<trkpt lat="47.739459" lon="10.976919">
				<ele>734.000000</ele>
			</trkpt>
			<trkpt lat="47.739410" lon="10.976936">
				<ele>734.000000</ele>
			</trkpt>
			<trkpt lat="47.739356" lon="10.976928">
				<ele>733.000000</ele>
			</trkpt>
			<trkpt lat="47.739314" lon="10.976883">
				<ele>733.000000</ele>
			</trkpt>
			<trkpt lat="47.739278" lon="10.976793">
				<ele>732.000000</ele>
			</trkpt>
			<trkpt lat="47.739066" lon="10.976003">
				<ele>725.000000</ele>
			</trkpt>
			<trkpt lat="47.738830" lon="10.975265">
				<ele>719.000000</ele>
			</trkpt>
			<trkpt lat="47.738746" lon="10.974996">
				<ele>716.000000</ele>
			</trkpt>
			<trkpt lat="47.738710" lon="10.974906">
				<ele>716.000000</ele>
			</trkpt>
			<trkpt lat="47.738668" lon="10.974816">
				<ele>715.000000</ele>
			</trkpt>
			<trkpt lat="47.738613" lon="10.974709">
				<ele>714.000000</ele>
			</trkpt>
			<trkpt lat="47.738535" lon="10.974610">
				<ele>713.000000</ele>
			</trkpt>
			<trkpt lat="47.738444" lon="10.974520">
				<ele>711.000000</ele>
			</trkpt>
			<trkpt lat="47.738335" lon="10.974449">
				<ele>710.000000</ele>
			</trkpt>
			<trkpt lat="47.738178" lon="10.974359">
				<ele>708.000000</ele>
			</trkpt>
			<trkpt lat="47.738087" lon="10.974305">
				<ele>707.000000</ele>
			</trkpt>
			<trkpt lat="47.737707" lon="10.974143">
				<ele>702.000000</ele>
			</trkpt>
			<trkpt lat="47.737586" lon="10.974099">
				<ele>700.000000</ele>
			</trkpt>
			<trkpt lat="47.737538" lon="10.974089">
				<ele>700.000000</ele>
			</trkpt>
			<trkpt lat="47.737507" lon="10.974080">
				<ele>699.000000</ele>
			</trkpt>
			<trkpt lat="47.737447" lon="10.974080">
				<ele>699.000000</ele>
			</trkpt>
			<trkpt lat="47.737369" lon="10.974080">
				<ele>698.000000</ele>
			</trkpt>
			<trkpt lat="47.737302" lon="10.974107">
				<ele>698.000000</ele>
			</trkpt>
			<trkpt lat="47.737194" lon="10.974152">
				<ele>697.000000</ele>
			</trkpt>
			<trkpt lat="47.736849" lon="10.974376">
				<ele>693.000000</ele>
			</trkpt>
			<trkpt lat="47.736414" lon="10.974610">
				<ele>690.000000</ele>
			</trkpt>
			<trkpt lat="47.736100" lon="10.974781">
				<ele>690.000000</ele>
			</trkpt>
			<trkpt lat="47.736034" lon="10.974825">
				<ele>691.000000</ele>
			</trkpt>
			<trkpt lat="47.735967" lon="10.974852">
				<ele>691.000000</ele>
			</trkpt>
			<trkpt lat="47.735882" lon="10.974889">
				<ele>692.000000</ele>
			</trkpt>
			<trkpt lat="47.735785" lon="10.974915">
				<ele>693.000000</ele>
			</trkpt>
			<trkpt lat="47.735677" lon="10.974925">
				<ele>694.000000</ele>
			</trkpt>
			<trkpt lat="47.735562" lon="10.974925">
				<ele>695.000000</ele>
			</trkpt>
			<trkpt lat="47.735472" lon="10.974898">
				<ele>696.000000</ele>
			</trkpt>
			<trkpt lat="47.735375" lon="10.974871">
				<ele>697.000000</ele>
			</trkpt>
			<trkpt lat="47.735266" lon="10.974816">
				<ele>698.000000</ele>
			</trkpt>
			<trkpt lat="47.735151" lon="10.974736">
				<ele>699.000000</ele>
			</trkpt>
			<trkpt lat="47.735085" lon="10.974673">
				<ele>700.000000</ele>
			</trkpt>
			<trkpt lat="47.734976" lon="10.974529">
				<ele>701.000000</ele>
			</trkpt>
			<trkpt lat="47.734904" lon="10.974403">
				<ele>703.000000</ele>
			</trkpt>
			<trkpt lat="47.734813" lon="10.974233">
				<ele>705.000000</ele>
			</trkpt>
			<trkpt lat="47.734753" lon="10.974080">
				<ele>706.000000</ele>
			</trkpt>
			<trkpt lat="47.734656" lon="10.973802">
				<ele>709.000000</ele>
			</trkpt>
			<trkpt lat="47.734559" lon="10.973487">
				<ele>711.000000</ele>
			</trkpt>
			<trkpt lat="47.734469" lon="10.973191">
				<ele>714.000000</ele>
			</trkpt>
			<trkpt lat="47.734390" lon="10.972885">
				<ele>716.000000</ele>
			</trkpt>
			<trkpt lat="47.734354" lon="10.972652">
				<ele>718.000000</ele>
			</trkpt>
			<trkpt lat="47.734318" lon="10.972328">
				<ele>720.000000</ele>
			</trkpt>
			<trkpt lat="47.734318" lon="10.972032">
				<ele>723.000000</ele>
			</trkpt>
			<trkpt lat="47.734324" lon="10.971843">
				<ele>724.000000</ele>
			</trkpt>
			<trkpt lat="47.734324" lon="10.971565">
				<ele>726.000000</ele>
			</trkpt>
			<trkpt lat="47.734318" lon="10.971304">
				<ele>728.000000</ele>
			</trkpt>
			<trkpt lat="47.734324" lon="10.971143">
				<ele>729.000000</ele>
			</trkpt>
			<trkpt lat="47.734348" lon="10.971007">
				<ele>730.000000</ele>
			</trkpt>
			<trkpt lat="47.734390" lon="10.970900">
				<ele>732.000000</ele>
			</trkpt>
			<trkpt lat="47.734499" lon="10.970720">
				<ele>734.000000</ele>
			</trkpt>
			<trkpt lat="47.734710" lon="10.970397">
				<ele>738.000000</ele>
			</trkpt>
			<trkpt lat="47.734801" lon="10.970227">
				<ele>740.000000</ele>
			</trkpt>
			<trkpt lat="47.734874" lon="10.970082">
				<ele>741.000000</ele>
			</trkpt>
			<trkpt lat="47.734922" lon="10.969938">
				<ele>742.000000</ele>
			</trkpt>
			<trkpt lat="47.734946" lon="10.969732">
				<ele>744.000000</ele>
			</trkpt>
			<trkpt lat="47.734982" lon="10.969436">
				<ele>746.000000</ele>
			</trkpt>
			<trkpt lat="47.734994" lon="10.969005">
				<ele>749.000000</ele>
			</trkpt>
			<trkpt lat="47.734994" lon="10.968556">
				<ele>752.000000</ele>
			</trkpt>
			<trkpt lat="47.735018" lon="10.968349">
				<ele>753.000000</ele>
			</trkpt>
			<trkpt lat="47.735085" lon="10.967990">
				<ele>756.000000</ele>
			</trkpt>
			<trkpt lat="47.735121" lon="10.967846">
				<ele>757.000000</ele>
			</trkpt>
			<trkpt lat="47.735151" lon="10.967657">
				<ele>758.000000</ele>
			</trkpt>
			<trkpt lat="47.735163" lon="10.967514">
				<ele>759.000000</ele>
			</trkpt>
			<trkpt lat="47.735175" lon="10.967405">
				<ele>760.000000</ele>
			</trkpt>
			<trkpt lat="47.735181" lon="10.967225">
				<ele>760.000000</ele>
			</trkpt>
			<trkpt lat="47.735181" lon="10.967136">
				<ele>760.000000</ele>
			</trkpt>
			<trkpt lat="47.735175" lon="10.967046">
				<ele>760.000000</ele>
			</trkpt>
			<trkpt lat="47.735163" lon="10.966921">
				<ele>761.000000</ele>
			</trkpt>
			<trkpt lat="47.735145" lon="10.966804">
				<ele>761.000000</ele>
			</trkpt>
			<trkpt lat="47.735067" lon="10.966327">
				<ele>761.000000</ele>
			</trkpt>
			<trkpt lat="47.735018" lon="10.966076">
				<ele>762.000000</ele>
			</trkpt>
			<trkpt lat="47.734994" lon="10.965996">
				<ele>762.000000</ele>
			</trkpt>
			<trkpt lat="47.734976" lon="10.965959">
				<ele>762.000000</ele>
			</trkpt>
			<trkpt lat="47.734964" lon="10.965941">
				<ele>762.000000</ele>
			</trkpt>
			<trkpt lat="47.734952" lon="10.965923">
				<ele>762.000000</ele>
			</trkpt>
			<trkpt lat="47.734916" lon="10.965914">
				<ele>762.000000</ele>
			</trkpt>
			<trkpt lat="47.734880" lon="10.965914">
				<ele>762.000000</ele>
			</trkpt>
			<trkpt lat="47.734601" lon="10.965986">
				<ele>762.000000</ele>
			</trkpt>
			<trkpt lat="47.734553" lon="10.966004">
				<ele>762.000000</ele>
			</trkpt>
			<trkpt lat="47.734475" lon="10.966031">
				<ele>763.000000</ele>
			</trkpt>
			<trkpt lat="47.734444" lon="10.966031">
				<ele>763.000000</ele>
			</trkpt>
			<trkpt lat="47.734366" lon="10.966049">
				<ele>763.000000</ele>
			</trkpt>
			<trkpt lat="47.734179" lon="10.966085">
				<ele>763.000000</ele>
			</trkpt>
			<trkpt lat="47.733876" lon="10.966067">
				<ele>764.000000</ele>
			</trkpt>
			<trkpt lat="47.733726" lon="10.966031">
				<ele>764.000000</ele>
			</trkpt>
			<trkpt lat="47.733538" lon="10.965986">
				<ele>764.000000</ele>
			</trkpt>
			<trkpt lat="47.733248" lon="10.965833">
				<ele>765.000000</ele>
			</trkpt>
			<trkpt lat="47.733139" lon="10.965770">
				<ele>765.000000</ele>
			</trkpt>
			<trkpt lat="47.733037" lon="10.965690">
				<ele>765.000000</ele>
			</trkpt>
			<trkpt lat="47.732897" lon="10.965528">
				<ele>765.000000</ele>
			</trkpt>
			<trkpt lat="47.732813" lon="10.965375">
				<ele>766.000000</ele>
			</trkpt>
			<trkpt lat="47.732716" lon="10.965124">
				<ele>766.000000</ele>
			</trkpt>
			<trkpt lat="47.732656" lon="10.965078">
				<ele>766.000000</ele>
			</trkpt>
			<trkpt lat="47.732602" lon="10.965043">
				<ele>766.000000</ele>
			</trkpt>
			<trkpt lat="47.732481" lon="10.964971">
				<ele>766.000000</ele>
			</trkpt>
			<trkpt lat="47.732415" lon="10.964917">
				<ele>766.000000</ele>
			</trkpt>
			<trkpt lat="47.732384" lon="10.964899">
				<ele>766.000000</ele>
			</trkpt>
			<trkpt lat="47.732323" lon="10.964818">
				<ele>767.000000</ele>
			</trkpt>
			<trkpt lat="47.732281" lon="10.964801">
				<ele>767.000000</ele>
			</trkpt>
			<trkpt lat="47.732239" lon="10.964818">
				<ele>767.000000</ele>
			</trkpt>
			<trkpt lat="47.732191" lon="10.964837">
				<ele>767.000000</ele>
			</trkpt>
			<trkpt lat="47.732052" lon="10.964908">
				<ele>767.000000</ele>
			</trkpt>
			<trkpt lat="47.731925" lon="10.964971">
				<ele>767.000000</ele>
			</trkpt>
			<trkpt lat="47.731719" lon="10.965088">
				<ele>767.000000</ele>
			</trkpt>
			<trkpt lat="47.731472" lon="10.965214">
				<ele>768.000000</ele>
			</trkpt>
			<trkpt lat="47.731309" lon="10.965285">
				<ele>768.000000</ele>
			</trkpt>
			<trkpt lat="47.730952" lon="10.965447">
				<ele>768.000000</ele>
			</trkpt>
			<trkpt lat="47.730711" lon="10.965554">
				<ele>769.000000</ele>
			</trkpt>
			<trkpt lat="47.730457" lon="10.965654">
				<ele>769.000000</ele>
			</trkpt>
			<trkpt lat="47.730191" lon="10.965744">
				<ele>769.000000</ele>
			</trkpt>
			<trkpt lat="47.730027" lon="10.965851">
				<ele>769.000000</ele>
			</trkpt>
			<trkpt lat="47.729756" lon="10.965986">
				<ele>770.000000</ele>
			</trkpt>
			<trkpt lat="47.729496" lon="10.966059">
				<ele>770.000000</ele>
			</trkpt>
			<trkpt lat="47.729109" lon="10.966300">
				<ele>771.000000</ele>
			</trkpt>
			<trkpt lat="47.729030" lon="10.966372">
				<ele>771.000000</ele>
			</trkpt>
			<trkpt lat="47.728904" lon="10.966453">
				<ele>772.000000</ele>
			</trkpt>
			<trkpt lat="47.728783" lon="10.966525">
				<ele>772.000000</ele>
			</trkpt>
			<trkpt lat="47.728753" lon="10.966426">
				<ele>772.000000</ele>
			</trkpt>
			<trkpt lat="47.728717" lon="10.966327">
				<ele>772.000000</ele>
			</trkpt>
			<trkpt lat="47.728626" lon="10.966300">
				<ele>773.000000</ele>
			</trkpt>
			<trkpt lat="47.728554" lon="10.966238">
				<ele>773.000000</ele>
			</trkpt>
			<trkpt lat="47.728487" lon="10.966202">
				<ele>773.000000</ele>
			</trkpt>
			<trkpt lat="47.727931" lon="10.965106">
				<ele>778.000000</ele>
			</trkpt>
			<trkpt lat="47.727804" lon="10.964818">
				<ele>780.000000</ele>
			</trkpt>
			<trkpt lat="47.727701" lon="10.964396">
				<ele>781.000000</ele>
			</trkpt>
			<trkpt lat="47.727677" lon="10.964154">
				<ele>783.000000</ele>
			</trkpt>
			<trkpt lat="47.727683" lon="10.963956">
				<ele>783.000000</ele>
			</trkpt>
			<trkpt lat="47.727538" lon="10.963866">
				<ele>784.000000</ele>
			</trkpt>
			<trkpt lat="47.727526" lon="10.963740">
				<ele>785.000000</ele>
			</trkpt>
			<trkpt lat="47.727550" lon="10.963283">
				<ele>787.000000</ele>
			</trkpt>
			<trkpt lat="47.727544" lon="10.963040">
				<ele>788.000000</ele>
			</trkpt>
			<trkpt lat="47.727502" lon="10.962851">
				<ele>789.000000</ele>
			</trkpt>
			<trkpt lat="47.727472" lon="10.962591">
				<ele>790.000000</ele>
			</trkpt>
			<trkpt lat="47.727538" lon="10.962528">
				<ele>790.000000</ele>
			</trkpt>
			<trkpt lat="47.727629" lon="10.962501">
				<ele>790.000000</ele>
			</trkpt>
			<trkpt lat="47.727804" lon="10.962428">
				<ele>790.000000</ele>
			</trkpt>
			<trkpt lat="47.727992" lon="10.962357">
				<ele>790.000000</ele>
			</trkpt>
			<trkpt lat="47.728130" lon="10.962321">
				<ele>790.000000</ele>
			</trkpt>
			<trkpt lat="47.728354" lon="10.962214">
				<ele>790.000000</ele>
			</trkpt>
			<trkpt lat="47.728535" lon="10.962097">
				<ele>790.000000</ele>
			</trkpt>
			<trkpt lat="47.728535" lon="10.962097">
				<ele>790.000000</ele>
			</trkpt>
			<trkpt lat="47.728535" lon="10.962097">
				<ele>790.000000</ele>
			</trkpt>
			<trkpt lat="47.728535" lon="10.962097">
				<ele>790.000000</ele>
			</trkpt>
			<trkpt lat="47.728354" lon="10.962214">
				<ele>790.000000</ele>
			</trkpt>
			<trkpt lat="47.728130" lon="10.962321">
				<ele>790.000000</ele>
			</trkpt>
			<trkpt lat="47.727992" lon="10.962357">
				<ele>790.000000</ele>
			</trkpt>
			<trkpt lat="47.727804" lon="10.962428">
				<ele>790.000000</ele>
			</trkpt>
			<trkpt lat="47.727629" lon="10.962501">
				<ele>790.000000</ele>
			</trkpt>
			<trkpt lat="47.727538" lon="10.962528">
				<ele>790.000000</ele>
			</trkpt>
			<trkpt lat="47.727472" lon="10.962591">
				<ele>790.000000</ele>
			</trkpt>
			<trkpt lat="47.727502" lon="10.962851">
				<ele>789.000000</ele>
			</trkpt>
			<trkpt lat="47.727544" lon="10.963040">
				<ele>788.000000</ele>
			</trkpt>
			<trkpt lat="47.727550" lon="10.963283">
				<ele>787.000000</ele>
			</trkpt>
			<trkpt lat="47.727526" lon="10.963740">
				<ele>785.000000</ele>
			</trkpt>
			<trkpt lat="47.727538" lon="10.963866">
				<ele>784.000000</ele>
			</trkpt>
			<trkpt lat="47.727357" lon="10.963776">
				<ele>786.000000</ele>
			</trkpt>
			<trkpt lat="47.727133" lon="10.963615">
				<ele>787.000000</ele>
			</trkpt>
			<trkpt lat="47.726982" lon="10.963552">
				<ele>789.000000</ele>
			</trkpt>
			<trkpt lat="47.726867" lon="10.963499">
				<ele>789.000000</ele>
			</trkpt>
			<trkpt lat="47.726765" lon="10.963470">
				<ele>790.000000</ele>
			</trkpt>
			<trkpt lat="47.726650" lon="10.963453">
				<ele>792.000000</ele>
			</trkpt>
			<trkpt lat="47.726547" lon="10.963453">
				<ele>793.000000</ele>
			</trkpt>
			<trkpt lat="47.726451" lon="10.963470">
				<ele>794.000000</ele>
			</trkpt>
			<trkpt lat="47.726335" lon="10.963499">
				<ele>795.000000</ele>
			</trkpt>
			<trkpt lat="47.726221" lon="10.963499">
				<ele>797.000000</ele>
			</trkpt>
			<trkpt lat="47.726094" lon="10.963480">
				<ele>799.000000</ele>
			</trkpt>
			<trkpt lat="47.725907" lon="10.963444">
				<ele>801.000000</ele>
			</trkpt>
			<trkpt lat="47.725592" lon="10.963346">
				<ele>806.000000</ele>
			</trkpt>
			<trkpt lat="47.725532" lon="10.963309">
				<ele>807.000000</ele>
			</trkpt>
			<trkpt lat="47.725502" lon="10.963264">
				<ele>807.000000</ele>
			</trkpt>
			<trkpt lat="47.725478" lon="10.963201">
				<ele>808.000000</ele>
			</trkpt>
			<trkpt lat="47.725175" lon="10.962141">
				<ele>810.000000</ele>
			</trkpt>
			<trkpt lat="47.725115" lon="10.961917">
				<ele>810.000000</ele>
			</trkpt>
			<trkpt lat="47.725024" lon="10.961549">
				<ele>811.000000</ele>
			</trkpt>
			<trkpt lat="47.724855" lon="10.960920">
				<ele>813.000000</ele>
			</trkpt>
			<trkpt lat="47.724752" lon="10.960461">
				<ele>814.000000</ele>
			</trkpt>
			<trkpt lat="47.724710" lon="10.960220">
				<ele>815.000000</ele>
			</trkpt>
			<trkpt lat="47.724674" lon="10.959994">
				<ele>816.000000</ele>
			</trkpt>
			<trkpt lat="47.724656" lon="10.959814">
				<ele>816.000000</ele>
			</trkpt>
			<trkpt lat="47.724644" lon="10.959662">
				<ele>816.000000</ele>
			</trkpt>
			<trkpt lat="47.724517" lon="10.959662">
				<ele>817.000000</ele>
			</trkpt>
			<trkpt lat="47.724414" lon="10.959654">
				<ele>817.000000</ele>
			</trkpt>
			<trkpt lat="47.724342" lon="10.959608">
				<ele>818.000000</ele>
			</trkpt>
			<trkpt lat="47.724226" lon="10.959501">
				<ele>818.000000</ele>
			</trkpt>
			<trkpt lat="47.724100" lon="10.959384">
				<ele>819.000000</ele>
			</trkpt>
			<trkpt lat="47.724009" lon="10.959312">
				<ele>819.000000</ele>
			</trkpt>
			<trkpt lat="47.723876" lon="10.959258">
				<ele>820.000000</ele>
			</trkpt>
			<trkpt lat="47.723743" lon="10.959249">
				<ele>820.000000</ele>
			</trkpt>
			<trkpt lat="47.723556" lon="10.959285">
				<ele>820.000000</ele>
			</trkpt>
			<trkpt lat="47.723345" lon="10.959348">
				<ele>820.000000</ele>
			</trkpt>
			<trkpt lat="47.723163" lon="10.959428">
				<ele>820.000000</ele>
			</trkpt>
			<trkpt lat="47.723066" lon="10.959491">
				<ele>820.000000</ele>
			</trkpt>
			<trkpt lat="47.722770" lon="10.959707">
				<ele>820.000000</ele>
			</trkpt>
			<trkpt lat="47.722529" lon="10.959860">
				<ele>820.000000</ele>
			</trkpt>
			<trkpt lat="47.722378" lon="10.959967">
				<ele>820.000000</ele>
			</trkpt>
			<trkpt lat="47.722281" lon="10.960084">
				<ele>820.000000</ele>
			</trkpt>
			<trkpt lat="47.722238" lon="10.960147">
				<ele>820.000000</ele>
			</trkpt>
			<trkpt lat="47.722196" lon="10.960210">
				<ele>820.000000</ele>
			</trkpt>
			<trkpt lat="47.722172" lon="10.960254">
				<ele>820.000000</ele>
			</trkpt>
			<trkpt lat="47.722142" lon="10.960336">
				<ele>820.000000</ele>
			</trkpt>
			<trkpt lat="47.722087" lon="10.960407">
				<ele>820.000000</ele>
			</trkpt>
			<trkpt lat="47.722033" lon="10.960426">
				<ele>820.000000</ele>
			</trkpt>
			<trkpt lat="47.721955" lon="10.960399">
				<ele>820.000000</ele>
			</trkpt>
			<trkpt lat="47.721852" lon="10.960309">
				<ele>820.000000</ele>
			</trkpt>
			<trkpt lat="47.721701" lon="10.960130">
				<ele>820.000000</ele>
			</trkpt>
			<trkpt lat="47.721550" lon="10.959985">
				<ele>820.000000</ele>
			</trkpt>
			<trkpt lat="47.721344" lon="10.959868">
				<ele>820.000000</ele>
			</trkpt>
			<trkpt lat="47.721289" lon="10.959860">
				<ele>820.000000</ele>
			</trkpt>
			<trkpt lat="47.721199" lon="10.959824">
				<ele>820.000000</ele>
			</trkpt>
			<trkpt lat="47.721000" lon="10.959797">
				<ele>820.000000</ele>
			</trkpt>
			<trkpt lat="47.720685" lon="10.959761">
				<ele>820.000000</ele>
			</trkpt>
			<trkpt lat="47.720486" lon="10.959707">
				<ele>820.000000</ele>
			</trkpt>
			<trkpt lat="47.720286" lon="10.959717">
				<ele>820.000000</ele>
			</trkpt>
			<trkpt lat="47.720214" lon="10.959680">
				<ele>820.000000</ele>
			</trkpt>
			<trkpt lat="47.720021" lon="10.959527">
				<ele>820.000000</ele>
			</trkpt>
			<trkpt lat="47.719833" lon="10.959365">
				<ele>820.000000</ele>
			</trkpt>
			<trkpt lat="47.719688" lon="10.959275">
				<ele>820.000000</ele>
			</trkpt>
			<trkpt lat="47.719586" lon="10.959159">
				<ele>820.000000</ele>
			</trkpt>
			<trkpt lat="47.719489" lon="10.958971">
				<ele>820.000000</ele>
			</trkpt>
			<trkpt lat="47.719380" lon="10.958719">
				<ele>820.000000</ele>
			</trkpt>
			<trkpt lat="47.719295" lon="10.958530">
				<ele>820.000000</ele>
			</trkpt>
			<trkpt lat="47.719144" lon="10.958296">
				<ele>820.000000</ele>
			</trkpt>
			<trkpt lat="47.719096" lon="10.958225">
				<ele>820.000000</ele>
			</trkpt>
			<trkpt lat="47.718939" lon="10.958036">
				<ele>820.000000</ele>
			</trkpt>
			<trkpt lat="47.718764" lon="10.957874">
				<ele>820.000000</ele>
			</trkpt>
			<trkpt lat="47.718631" lon="10.957757">
				<ele>820.000000</ele>
			</trkpt>
			<trkpt lat="47.718413" lon="10.957641">
				<ele>820.000000</ele>
			</trkpt>
			<trkpt lat="47.718298" lon="10.957604">
				<ele>820.000000</ele>
			</trkpt>
			<trkpt lat="47.718147" lon="10.957543">
				<ele>820.000000</ele>
			</trkpt>
			<trkpt lat="47.718075" lon="10.957506">
				<ele>820.000000</ele>
			</trkpt>
			<trkpt lat="47.718002" lon="10.957443">
				<ele>820.000000</ele>
			</trkpt>
			<trkpt lat="47.717899" lon="10.957344">
				<ele>820.000000</ele>
			</trkpt>
			<trkpt lat="47.717772" lon="10.957210">
				<ele>820.000000</ele>
			</trkpt>
			<trkpt lat="47.717682" lon="10.957164">
				<ele>820.000000</ele>
			</trkpt>
			<trkpt lat="47.717555" lon="10.957128">
				<ele>820.000000</ele>
			</trkpt>
			<trkpt lat="47.717398" lon="10.957067">
				<ele>820.000000</ele>
			</trkpt>
			<trkpt lat="47.717253" lon="10.956941">
				<ele>820.000000</ele>
			</trkpt>
			<trkpt lat="47.717144" lon="10.956841">
				<ele>820.000000</ele>
			</trkpt>
			<trkpt lat="47.716914" lon="10.956625">
				<ele>820.000000</ele>
			</trkpt>
			<trkpt lat="47.716757" lon="10.956419">
				<ele>820.000000</ele>
			</trkpt>
			<trkpt lat="47.716637" lon="10.956321">
				<ele>820.000000</ele>
			</trkpt>
			<trkpt lat="47.716382" lon="10.956069">
				<ele>820.000000</ele>
			</trkpt>
			<trkpt lat="47.716310" lon="10.956006">
				<ele>820.000000</ele>
			</trkpt>
			<trkpt lat="47.716201" lon="10.955979">
				<ele>820.000000</ele>
			</trkpt>
			<trkpt lat="47.716026" lon="10.955862">
				<ele>820.000000</ele>
			</trkpt>
			<trkpt lat="47.715826" lon="10.955683">
				<ele>822.000000</ele>
			</trkpt>
			<trkpt lat="47.715742" lon="10.955620">
				<ele>822.000000</ele>
			</trkpt>
			<trkpt lat="47.715621" lon="10.955539">
				<ele>823.000000</ele>
			</trkpt>
			<trkpt lat="47.715518" lon="10.955476">
				<ele>824.000000</ele>
			</trkpt>
			<trkpt lat="47.715319" lon="10.955369">
				<ele>826.000000</ele>
			</trkpt>
			<trkpt lat="47.715185" lon="10.955287">
				<ele>827.000000</ele>
			</trkpt>
			<trkpt lat="47.714938" lon="10.955107">
				<ele>829.000000</ele>
			</trkpt>
			<trkpt lat="47.714786" lon="10.954991">
				<ele>830.000000</ele>
			</trkpt>
			<trkpt lat="47.714611" lon="10.954893">
				<ele>834.000000</ele>
			</trkpt>
			<trkpt lat="47.714309" lon="10.954685">
				<ele>841.000000</ele>
			</trkpt>
			<trkpt lat="47.714001" lon="10.954577">
				<ele>845.000000</ele>
			</trkpt>
			<trkpt lat="47.713862" lon="10.954514">
				<ele>846.000000</ele>
			</trkpt>
			<trkpt lat="47.713675" lon="10.954335">
				<ele>849.000000</ele>
			</trkpt>
			<trkpt lat="47.713421" lon="10.954065">
				<ele>852.000000</ele>
			</trkpt>
			<trkpt lat="47.713312" lon="10.953975">
				<ele>853.000000</ele>
			</trkpt>
			<trkpt lat="47.713185" lon="10.953859">
				<ele>854.000000</ele>
			</trkpt>
			<trkpt lat="47.713143" lon="10.953832">
				<ele>855.000000</ele>
			</trkpt>
			<trkpt lat="47.712865" lon="10.953608">
				<ele>857.000000</ele>
			</trkpt>
			<trkpt lat="47.712538" lon="10.953365">
				<ele>860.000000</ele>
			</trkpt>
			<trkpt lat="47.712435" lon="10.953311">
				<ele>860.000000</ele>
			</trkpt>
			<trkpt lat="47.712339" lon="10.953256">
				<ele>860.000000</ele>
			</trkpt>
			<trkpt lat="47.712175" lon="10.953077">
				<ele>861.000000</ele>
			</trkpt>
			<trkpt lat="47.711831" lon="10.952817">
				<ele>862.000000</ele>
			</trkpt>
			<trkpt lat="47.711686" lon="10.952700">
				<ele>862.000000</ele>
			</trkpt>
			<trkpt lat="47.711535" lon="10.952601">
				<ele>863.000000</ele>
			</trkpt>
			<trkpt lat="47.711336" lon="10.952511">
				<ele>863.000000</ele>
			</trkpt>
			<trkpt lat="47.711208" lon="10.952449">
				<ele>864.000000</ele>
			</trkpt>
			<trkpt lat="47.711112" lon="10.952377">
				<ele>864.000000</ele>
			</trkpt>
			<trkpt lat="47.710997" lon="10.952206">
				<ele>865.000000</ele>
			</trkpt>
			<trkpt lat="47.710888" lon="10.952054">
				<ele>865.000000</ele>
			</trkpt>
			<trkpt lat="47.710779" lon="10.951945">
				<ele>865.000000</ele>
			</trkpt>
			<trkpt lat="47.710634" lon="10.951847">
				<ele>866.000000</ele>
			</trkpt>
			<trkpt lat="47.710441" lon="10.951730">
				<ele>866.000000</ele>
			</trkpt>
			<trkpt lat="47.710254" lon="10.951622">
				<ele>867.000000</ele>
			</trkpt>
			<trkpt lat="47.710072" lon="10.951488">
				<ele>867.000000</ele>
			</trkpt>
			<trkpt lat="47.709909" lon="10.951371">
				<ele>868.000000</ele>
			</trkpt>
			<trkpt lat="47.709268" lon="10.951011">
				<ele>870.000000</ele>
			</trkpt>
			<trkpt lat="47.709093" lon="10.950939">
				<ele>870.000000</ele>
			</trkpt>
			<trkpt lat="47.708507" lon="10.950059">
				<ele>870.000000</ele>
			</trkpt>
			<trkpt lat="47.708216" lon="10.949593">
				<ele>870.000000</ele>
			</trkpt>
			<trkpt lat="47.707866" lon="10.948864">
				<ele>870.000000</ele>
			</trkpt>
			<trkpt lat="47.707570" lon="10.948235">
				<ele>870.000000</ele>
			</trkpt>
			<trkpt lat="47.707328" lon="10.947706">
				<ele>870.000000</ele>
			</trkpt>
			<trkpt lat="47.707376" lon="10.947687">
				<ele>870.000000</ele>
			</trkpt>
			<trkpt lat="47.707551" lon="10.947643">
				<ele>870.000000</ele>
			</trkpt>
			<trkpt lat="47.707533" lon="10.947570">
				<ele>870.000000</ele>
			</trkpt>
			<trkpt lat="47.707521" lon="10.947535">
				<ele>870.000000</ele>
			</trkpt>
			<trkpt lat="47.707503" lon="10.947517">
				<ele>870.000000</ele>
			</trkpt>
			<trkpt lat="47.707467" lon="10.947490">
				<ele>870.000000</ele>
			</trkpt>
			<trkpt lat="47.707358" lon="10.947454">
				<ele>870.000000</ele>
			</trkpt>
			<trkpt lat="47.707304" lon="10.947427">
				<ele>870.000000</ele>
			</trkpt>
			<trkpt lat="47.707219" lon="10.947337">
				<ele>870.000000</ele>
			</trkpt>
			<trkpt lat="47.707128" lon="10.947104">
				<ele>870.000000</ele>
			</trkpt>
			<trkpt lat="47.706977" lon="10.946735">
				<ele>870.000000</ele>
			</trkpt>
			<trkpt lat="47.706766" lon="10.946188">
				<ele>870.000000</ele>
			</trkpt>
			<trkpt lat="47.706627" lon="10.945756">
				<ele>870.000000</ele>
			</trkpt>
			<trkpt lat="47.706548" lon="10.945415">
				<ele>870.000000</ele>
			</trkpt>
			<trkpt lat="47.706500" lon="10.945145">
				<ele>870.000000</ele>
			</trkpt>
			<trkpt lat="47.706427" lon="10.944867">
				<ele>870.000000</ele>
			</trkpt>
			<trkpt lat="47.706355" lon="10.944543">
				<ele>870.000000</ele>
			</trkpt>
			<trkpt lat="47.706324" lon="10.944444">
				<ele>870.000000</ele>
			</trkpt>
			<trkpt lat="47.706252" lon="10.944220">
				<ele>870.000000</ele>
			</trkpt>
			<trkpt lat="47.706203" lon="10.944067">
				<ele>870.000000</ele>
			</trkpt>
			<trkpt lat="47.706089" lon="10.943761">
				<ele>870.000000</ele>
			</trkpt>
			<trkpt lat="47.706010" lon="10.943591">
				<ele>870.000000</ele>
			</trkpt>
			<trkpt lat="47.705901" lon="10.943367">
				<ele>870.000000</ele>
			</trkpt>
			<trkpt lat="47.705810" lon="10.943161">
				<ele>870.000000</ele>
			</trkpt>
			<trkpt lat="47.705726" lon="10.942962">
				<ele>870.000000</ele>
			</trkpt>
			<trkpt lat="47.705690" lon="10.942845">
				<ele>870.000000</ele>
			</trkpt>
			<trkpt lat="47.705666" lon="10.942729">
				<ele>870.000000</ele>
			</trkpt>
			<trkpt lat="47.705623" lon="10.942648">
				<ele>870.000000</ele>
			</trkpt>
			<trkpt lat="47.705599" lon="10.942522">
				<ele>870.000000</ele>
			</trkpt>
			<trkpt lat="47.705569" lon="10.942289">
				<ele>870.000000</ele>
			</trkpt>
			<trkpt lat="47.705514" lon="10.942306">
				<ele>869.000000</ele>
			</trkpt>
			<trkpt lat="47.705393" lon="10.942343">
				<ele>869.000000</ele>
			</trkpt>
			<trkpt lat="47.705327" lon="10.942325">
				<ele>869.000000</ele>
			</trkpt>
			<trkpt lat="47.705279" lon="10.942262">
				<ele>869.000000</ele>
			</trkpt>
			<trkpt lat="47.705230" lon="10.942127">
				<ele>869.000000</ele>
			</trkpt>
			<trkpt lat="47.705206" lon="10.942037">
				<ele>869.000000</ele>
			</trkpt>
			<trkpt lat="47.705218" lon="10.941956">
				<ele>868.000000</ele>
			</trkpt>
			<trkpt lat="47.705127" lon="10.941660">
				<ele>868.000000</ele>
			</trkpt>
			<trkpt lat="47.705006" lon="10.941318">
				<ele>867.000000</ele>
			</trkpt>
			<trkpt lat="47.704856" lon="10.940968">
				<ele>867.000000</ele>
			</trkpt>
			<trkpt lat="47.704759" lon="10.940708">
				<ele>866.000000</ele>
			</trkpt>
			<trkpt lat="47.704692" lon="10.940537">
				<ele>866.000000</ele>
			</trkpt>
			<trkpt lat="47.704626" lon="10.940385">
				<ele>866.000000</ele>
			</trkpt>
			<trkpt lat="47.704529" lon="10.940169">
				<ele>865.000000</ele>
			</trkpt>
			<trkpt lat="47.704408" lon="10.939917">
				<ele>865.000000</ele>
			</trkpt>
			<trkpt lat="47.704190" lon="10.939566">
				<ele>864.000000</ele>
			</trkpt>
			<trkpt lat="47.704076" lon="10.939440">
				<ele>864.000000</ele>
			</trkpt>
			<trkpt lat="47.703960" lon="10.939333">
				<ele>863.000000</ele>
			</trkpt>
			<trkpt lat="47.703834" lon="10.939199">
				<ele>863.000000</ele>
			</trkpt>
			<trkpt lat="47.703616" lon="10.939001">
				<ele>863.000000</ele>
			</trkpt>
			<trkpt lat="47.703501" lon="10.938920">
				<ele>862.000000</ele>
			</trkpt>
			<trkpt lat="47.703459" lon="10.938893">
				<ele>862.000000</ele>
			</trkpt>
			<trkpt lat="47.703344" lon="10.938874">
				<ele>862.000000</ele>
			</trkpt>
			<trkpt lat="47.703114" lon="10.938866">
				<ele>861.000000</ele>
			</trkpt>
			<trkpt lat="47.703024" lon="10.938848">
				<ele>861.000000</ele>
			</trkpt>
			<trkpt lat="47.702957" lon="10.938830">
				<ele>861.000000</ele>
			</trkpt>
			<trkpt lat="47.702891" lon="10.938767">
				<ele>861.000000</ele>
			</trkpt>
			<trkpt lat="47.702824" lon="10.938677">
				<ele>861.000000</ele>
			</trkpt>
			<trkpt lat="47.702739" lon="10.938570">
				<ele>860.000000</ele>
			</trkpt>
			<trkpt lat="47.702679" lon="10.938453">
				<ele>860.000000</ele>
			</trkpt>
			<trkpt lat="47.702649" lon="10.938274">
				<ele>860.000000</ele>
			</trkpt>
			<trkpt lat="47.702594" lon="10.937922">
				<ele>859.000000</ele>
			</trkpt>
			<trkpt lat="47.702582" lon="10.937824">
				<ele>859.000000</ele>
			</trkpt>
			<trkpt lat="47.702594" lon="10.937708">
				<ele>859.000000</ele>
			</trkpt>
			<trkpt lat="47.702631" lon="10.937599">
				<ele>859.000000</ele>
			</trkpt>
			<trkpt lat="47.702649" lon="10.937519">
				<ele>859.000000</ele>
			</trkpt>
			<trkpt lat="47.702727" lon="10.937419">
				<ele>859.000000</ele>
			</trkpt>
			<trkpt lat="47.702818" lon="10.937330">
				<ele>859.000000</ele>
			</trkpt>
			<trkpt lat="47.702981" lon="10.937177">
				<ele>858.000000</ele>
			</trkpt>
			<trkpt lat="47.703102" lon="10.937069">
				<ele>858.000000</ele>
			</trkpt>
			<trkpt lat="47.702903" lon="10.937025">
				<ele>858.000000</ele>
			</trkpt>
			<trkpt lat="47.702837" lon="10.936989">
				<ele>858.000000</ele>
			</trkpt>
			<trkpt lat="47.702757" lon="10.936953">
				<ele>859.000000</ele>
			</trkpt>
			<trkpt lat="47.702745" lon="10.936953">
				<ele>859.000000</ele>
			</trkpt>
			<trkpt lat="47.702667" lon="10.936890">
				<ele>859.000000</ele>
			</trkpt>
			<trkpt lat="47.702601" lon="10.936800">
				<ele>859.000000</ele>
			</trkpt>
			<trkpt lat="47.702588" lon="10.936729">
				<ele>859.000000</ele>
			</trkpt>
			<trkpt lat="47.702570" lon="10.936576">
				<ele>859.000000</ele>
			</trkpt>
			<trkpt lat="47.702570" lon="10.936360">
				<ele>860.000000</ele>
			</trkpt>
			<trkpt lat="47.702588" lon="10.936144">
				<ele>860.000000</ele>
			</trkpt>
			<trkpt lat="47.702613" lon="10.935893">
				<ele>861.000000</ele>
			</trkpt>
			<trkpt lat="47.702649" lon="10.935597">
				<ele>863.000000</ele>
			</trkpt>
			<trkpt lat="47.702679" lon="10.935372">
				<ele>865.000000</ele>
			</trkpt>
			<trkpt lat="47.702679" lon="10.935228">
				<ele>866.000000</ele>
			</trkpt>
			<trkpt lat="47.702673" lon="10.935121">
				<ele>867.000000</ele>
			</trkpt>
			<trkpt lat="47.702655" lon="10.934949">
				<ele>868.000000</ele>
			</trkpt>
			<trkpt lat="47.702546" lon="10.934563">
				<ele>870.000000</ele>
			</trkpt>
			<trkpt lat="47.702468" lon="10.934329">
				<ele>870.000000</ele>
			</trkpt>
			<trkpt lat="47.702371" lon="10.934167">
				<ele>870.000000</ele>
			</trkpt>
			<trkpt lat="47.702250" lon="10.934069">
				<ele>870.000000</ele>
			</trkpt>
			<trkpt lat="47.702123" lon="10.934024">
				<ele>870.000000</ele>
			</trkpt>
			<trkpt lat="47.701990" lon="10.934006">
				<ele>870.000000</ele>
			</trkpt>
			<trkpt lat="47.701953" lon="10.933997">
				<ele>870.000000</ele>
			</trkpt>
			<trkpt lat="47.701947" lon="10.934249">
				<ele>876.000000</ele>
			</trkpt>
			<trkpt lat="47.701978" lon="10.934519">
				<ele>879.000000</ele>
			</trkpt>
			<trkpt lat="47.701990" lon="10.934779">
				<ele>875.000000</ele>
			</trkpt>
			<trkpt lat="47.701990" lon="10.934922">
				<ele>873.000000</ele>
			</trkpt>
			<trkpt lat="47.701984" lon="10.935003">
				<ele>872.000000</ele>
			</trkpt>
			<trkpt lat="47.701965" lon="10.935058">
				<ele>871.000000</ele>
			</trkpt>
			<trkpt lat="47.701947" lon="10.935111">
				<ele>870.000000</ele>
			</trkpt>
			<trkpt lat="47.701917" lon="10.935138">
				<ele>869.000000</ele>
			</trkpt>
			<trkpt lat="47.701803" lon="10.935237">
				<ele>866.000000</ele>
			</trkpt>
			<trkpt lat="47.701694" lon="10.935308">
				<ele>864.000000</ele>
			</trkpt>
			<trkpt lat="47.701567" lon="10.935398">
				<ele>861.000000</ele>
			</trkpt>
			<trkpt lat="47.701488" lon="10.935444">
				<ele>859.000000</ele>
			</trkpt>
			<trkpt lat="47.701367" lon="10.935641">
				<ele>859.000000</ele>
			</trkpt>
			<trkpt lat="47.701246" lon="10.935838">
				<ele>859.000000</ele>
			</trkpt>
			<trkpt lat="47.701192" lon="10.935937">
				<ele>859.000000</ele>
			</trkpt>
			<trkpt lat="47.701180" lon="10.935983">
				<ele>859.000000</ele>
			</trkpt>
			<trkpt lat="47.701089" lon="10.936144">
				<ele>859.000000</ele>
			</trkpt>
			<trkpt lat="47.701162" lon="10.936351">
				<ele>859.000000</ele>
			</trkpt>
			<trkpt lat="47.701168" lon="10.936369">
				<ele>859.000000</ele>
			</trkpt>
			<trkpt lat="47.701168" lon="10.936369">
				<ele>859.000000</ele>
			</trkpt>
			<trkpt lat="47.701222" lon="10.936576">
				<ele>859.000000</ele>
			</trkpt>
			<trkpt lat="47.701452" lon="10.936540">
				<ele>859.000000</ele>
			</trkpt>
			<trkpt lat="47.701482" lon="10.936530">
				<ele>859.000000</ele>
			</trkpt>
			<trkpt lat="47.701567" lon="10.936530">
				<ele>863.000000</ele>
			</trkpt>
			<trkpt lat="47.701591" lon="10.936423">
				<ele>866.000000</ele>
			</trkpt>
			<trkpt lat="47.701646" lon="10.936377">
				<ele>869.000000</ele>
			</trkpt>
			<trkpt lat="47.701652" lon="10.936198">
				<ele>874.000000</ele>
			</trkpt>
			<trkpt lat="47.701760" lon="10.936190">
				<ele>879.000000</ele>
			</trkpt>
			<trkpt lat="47.701760" lon="10.936144">
				<ele>880.000000</ele>
			</trkpt>
			<trkpt lat="47.701760" lon="10.936064">
				<ele>880.000000</ele>
			</trkpt>
			<trkpt lat="47.701784" lon="10.935983">
				<ele>880.000000</ele>
			</trkpt>
			<trkpt lat="47.701821" lon="10.935937">
				<ele>880.000000</ele>
			</trkpt>
			<trkpt lat="47.701917" lon="10.935811">
				<ele>880.000000</ele>
			</trkpt>
			<trkpt lat="47.701984" lon="10.935731">
				<ele>880.000000</ele>
			</trkpt>
			<trkpt lat="47.702039" lon="10.935632">
				<ele>880.000000</ele>
			</trkpt>
			<trkpt lat="47.702045" lon="10.935542">
				<ele>880.000000</ele>
			</trkpt>
			<trkpt lat="47.701978" lon="10.935308">
				<ele>875.000000</ele>
			</trkpt>
			<trkpt lat="47.701917" lon="10.935138">
				<ele>869.000000</ele>
			</trkpt>
			<trkpt lat="47.701947" lon="10.935111">
				<ele>870.000000</ele>
			</trkpt>
			<trkpt lat="47.701965" lon="10.935058">
				<ele>871.000000</ele>
			</trkpt>
			<trkpt lat="47.701984" lon="10.935003">
				<ele>872.000000</ele>
			</trkpt>
			<trkpt lat="47.701990" lon="10.934922">
				<ele>873.000000</ele>
			</trkpt>
			<trkpt lat="47.701990" lon="10.934779">
				<ele>875.000000</ele>
			</trkpt>
			<trkpt lat="47.701978" lon="10.934519">
				<ele>879.000000</ele>
			</trkpt>
			<trkpt lat="47.701947" lon="10.934249">
				<ele>876.000000</ele>
			</trkpt>
			<trkpt lat="47.701953" lon="10.933997">
				<ele>870.000000</ele>
			</trkpt>
			<trkpt lat="47.701790" lon="10.933934">
				<ele>870.000000</ele>
			</trkpt>
			<trkpt lat="47.701670" lon="10.933809">
				<ele>870.000000</ele>
			</trkpt>
			<trkpt lat="47.701440" lon="10.933521">
				<ele>870.000000</ele>
			</trkpt>
			<trkpt lat="47.700974" lon="10.932919">
				<ele>870.000000</ele>
			</trkpt>
			<trkpt lat="47.700877" lon="10.932785">
				<ele>870.000000</ele>
			</trkpt>
			<trkpt lat="47.700787" lon="10.932677">
				<ele>870.000000</ele>
			</trkpt>
			<trkpt lat="47.700618" lon="10.932498">
				<ele>870.000000</ele>
			</trkpt>
			<trkpt lat="47.700515" lon="10.932416">
				<ele>870.000000</ele>
			</trkpt>
			<trkpt lat="47.699916" lon="10.931293">
				<ele>870.000000</ele>
			</trkpt>
			<trkpt lat="47.699759" lon="10.931006">
				<ele>870.000000</ele>
			</trkpt>
			<trkpt lat="47.699493" lon="10.930674">
				<ele>870.000000</ele>
			</trkpt>
			<trkpt lat="47.699197" lon="10.930305">
				<ele>870.000000</ele>
			</trkpt>
			<trkpt lat="47.698900" lon="10.929937">
				<ele>870.000000</ele>
			</trkpt>
			<trkpt lat="47.698792" lon="10.929784">
				<ele>870.000000</ele>
			</trkpt>
			<trkpt lat="47.698701" lon="10.929658">
				<ele>870.000000</ele>
			</trkpt>
			<trkpt lat="47.698139" lon="10.928716">
				<ele>870.000000</ele>
			</trkpt>
			<trkpt lat="47.697903" lon="10.928347">
				<ele>870.000000</ele>
			</trkpt>
			<trkpt lat="47.697836" lon="10.928266">
				<ele>870.000000</ele>
			</trkpt>
			<trkpt lat="47.697728" lon="10.928158">
				<ele>870.000000</ele>
			</trkpt>
			<trkpt lat="47.697758" lon="10.927961">
				<ele>870.000000</ele>
			</trkpt>
			<trkpt lat="47.697770" lon="10.927727">
				<ele>870.000000</ele>
			</trkpt>
			<trkpt lat="47.697752" lon="10.927431">
				<ele>870.000000</ele>
			</trkpt>
			<trkpt lat="47.697734" lon="10.927269">
				<ele>870.000000</ele>
			</trkpt>
			<trkpt lat="47.697703" lon="10.927125">
				<ele>870.000000</ele>
			</trkpt>
			<trkpt lat="47.697613" lon="10.926838">
				<ele>870.000000</ele>
			</trkpt>
			<trkpt lat="47.697504" lon="10.926550">
				<ele>870.000000</ele>
			</trkpt>
			<trkpt lat="47.697431" lon="10.926389">
				<ele>870.000000</ele>
			</trkpt>
			<trkpt lat="47.697341" lon="10.926190">
				<ele>870.000000</ele>
			</trkpt>
			<trkpt lat="47.697232" lon="10.925984">
				<ele>870.000000</ele>
			</trkpt>
			<trkpt lat="47.697129" lon="10.925859">
				<ele>870.000000</ele>
			</trkpt>
			<trkpt lat="47.696972" lon="10.925750">
				<ele>870.000000</ele>
			</trkpt>
			<trkpt lat="47.696784" lon="10.925607">
				<ele>870.000000</ele>
			</trkpt>
			<trkpt lat="47.696651" lon="10.925391">
				<ele>870.000000</ele>
			</trkpt>
			<trkpt lat="47.696591" lon="10.925158">
				<ele>870.000000</ele>
			</trkpt>
			<trkpt lat="47.696585" lon="10.925058">
				<ele>870.000000</ele>
			</trkpt>
			<trkpt lat="47.696567" lon="10.924834">
				<ele>870.000000</ele>
			</trkpt>
			<trkpt lat="47.696549" lon="10.924691">
				<ele>870.000000</ele>
			</trkpt>
			<trkpt lat="47.696543" lon="10.924672">
				<ele>870.000000</ele>
			</trkpt>
			<trkpt lat="47.696507" lon="10.924466">
				<ele>870.000000</ele>
			</trkpt>
			<trkpt lat="47.696458" lon="10.924251">
				<ele>870.000000</ele>
			</trkpt>
			<trkpt lat="47.696427" lon="10.924133">
				<ele>870.000000</ele>
			</trkpt>
			<trkpt lat="47.696379" lon="10.924062">
				<ele>870.000000</ele>
			</trkpt>
			<trkpt lat="47.696270" lon="10.923982">
				<ele>869.000000</ele>
			</trkpt>
			<trkpt lat="47.696089" lon="10.923837">
				<ele>866.000000</ele>
			</trkpt>
			<trkpt lat="47.695974" lon="10.923739">
				<ele>864.000000</ele>
			</trkpt>
			<trkpt lat="47.695884" lon="10.923657">
				<ele>862.000000</ele>
			</trkpt>
			<trkpt lat="47.695720" lon="10.923487">
				<ele>859.000000</ele>
			</trkpt>
			<trkpt lat="47.695605" lon="10.923353">
				<ele>858.000000</ele>
			</trkpt>
			<trkpt lat="47.695497" lon="10.923110">
				<ele>856.000000</ele>
			</trkpt>
			<trkpt lat="47.695430" lon="10.922957">
				<ele>855.000000</ele>
			</trkpt>
			<trkpt lat="47.695291" lon="10.922876">
				<ele>853.000000</ele>
			</trkpt>
			<trkpt lat="47.695092" lon="10.922813">
				<ele>851.000000</ele>
			</trkpt>
			<trkpt lat="47.694831" lon="10.922724">
				<ele>849.000000</ele>
			</trkpt>
			<trkpt lat="47.694650" lon="10.922643">
				<ele>848.000000</ele>
			</trkpt>
			<trkpt lat="47.694354" lon="10.922490">
				<ele>847.000000</ele>
			</trkpt>
			<trkpt lat="47.694178" lon="10.922374">
				<ele>846.000000</ele>
			</trkpt>
			<trkpt lat="47.693713" lon="10.922032">
				<ele>844.000000</ele>
			</trkpt>
			<trkpt lat="47.693567" lon="10.921942">
				<ele>843.000000</ele>
			</trkpt>
			<trkpt lat="47.693132" lon="10.921573">
				<ele>841.000000</ele>
			</trkpt>
			<trkpt lat="47.692897" lon="10.921385">
				<ele>840.000000</ele>
			</trkpt>
			<trkpt lat="47.692685" lon="10.921215">
				<ele>840.000000</ele>
			</trkpt>
			<trkpt lat="47.692419" lon="10.921053">
				<ele>840.000000</ele>
			</trkpt>
			<trkpt lat="47.692159" lon="10.920963">
				<ele>840.000000</ele>
			</trkpt>
			<trkpt lat="47.691869" lon="10.920882">
				<ele>840.000000</ele>
			</trkpt>
			<trkpt lat="47.691579" lon="10.920855">
				<ele>841.000000</ele>
			</trkpt>
			<trkpt lat="47.691004" lon="10.920810">
				<ele>842.000000</ele>
			</trkpt>
			<trkpt lat="47.690260" lon="10.920747">
				<ele>844.000000</ele>
			</trkpt>
			<trkpt lat="47.690146" lon="10.920729">
				<ele>844.000000</ele>
			</trkpt>
			<trkpt lat="47.690018" lon="10.920639">
				<ele>844.000000</ele>
			</trkpt>
			<trkpt lat="47.689934" lon="10.920523">
				<ele>845.000000</ele>
			</trkpt>
			<trkpt lat="47.689873" lon="10.920370">
				<ele>845.000000</ele>
			</trkpt>
			<trkpt lat="47.689843" lon="10.920226">
				<ele>845.000000</ele>
			</trkpt>
			<trkpt lat="47.689807" lon="10.920037">
				<ele>845.000000</ele>
			</trkpt>
			<trkpt lat="47.689788" lon="10.919884">
				<ele>846.000000</ele>
			</trkpt>
			<trkpt lat="47.689734" lon="10.919561">
				<ele>846.000000</ele>
			</trkpt>
			<trkpt lat="47.689668" lon="10.919131">
				<ele>847.000000</ele>
			</trkpt>
			<trkpt lat="47.689607" lon="10.918716">
				<ele>848.000000</ele>
			</trkpt>
			<trkpt lat="47.689589" lon="10.918626">
				<ele>848.000000</ele>
			</trkpt>
			<trkpt lat="47.689577" lon="10.918555">
				<ele>848.000000</ele>
			</trkpt>
			<trkpt lat="47.689547" lon="10.918447">
				<ele>848.000000</ele>
			</trkpt>
			<trkpt lat="47.689541" lon="10.918412">
				<ele>848.000000</ele>
			</trkpt>
			<trkpt lat="47.689523" lon="10.918376">
				<ele>848.000000</ele>
			</trkpt>
			<trkpt lat="47.689493" lon="10.918303">
				<ele>848.000000</ele>
			</trkpt>
			<trkpt lat="47.689438" lon="10.918213">
				<ele>849.000000</ele>
			</trkpt>
			<trkpt lat="47.689401" lon="10.918169">
				<ele>849.000000</ele>
			</trkpt>
			<trkpt lat="47.689257" lon="10.918142">
				<ele>849.000000</ele>
			</trkpt>
			<trkpt lat="47.689257" lon="10.918052">
				<ele>849.000000</ele>
			</trkpt>
			<trkpt lat="47.689250" lon="10.917944">
				<ele>849.000000</ele>
			</trkpt>
			<trkpt lat="47.689238" lon="10.917819">
				<ele>849.000000</ele>
			</trkpt>
			<trkpt lat="47.689232" lon="10.917737">
				<ele>850.000000</ele>
			</trkpt>
			<trkpt lat="47.689220" lon="10.917674">
				<ele>850.000000</ele>
			</trkpt>
			<trkpt lat="47.689202" lon="10.917621">
				<ele>850.000000</ele>
			</trkpt>
			<trkpt lat="47.689172" lon="10.917550">
				<ele>850.000000</ele>
			</trkpt>
			<trkpt lat="47.689142" lon="10.917495">
				<ele>850.000000</ele>
			</trkpt>
			<trkpt lat="47.689105" lon="10.917441">
				<ele>851.000000</ele>
			</trkpt>
			<trkpt lat="47.689057" lon="10.917387">
				<ele>851.000000</ele>
			</trkpt>
			<trkpt lat="47.688978" lon="10.917324">
				<ele>852.000000</ele>
			</trkpt>
			<trkpt lat="47.688894" lon="10.917280">
				<ele>852.000000</ele>
			</trkpt>
			<trkpt lat="47.688809" lon="10.917225">
				<ele>853.000000</ele>
			</trkpt>
			<trkpt lat="47.688742" lon="10.917198">
				<ele>854.000000</ele>
			</trkpt>
			<trkpt lat="47.688682" lon="10.917190">
				<ele>854.000000</ele>
			</trkpt>
			<trkpt lat="47.688628" lon="10.917190">
				<ele>855.000000</ele>
			</trkpt>
			<trkpt lat="47.688579" lon="10.917190">
				<ele>855.000000</ele>
			</trkpt>
			<trkpt lat="47.688471" lon="10.917217">
				<ele>856.000000</ele>
			</trkpt>
			<trkpt lat="47.688235" lon="10.917280">
				<ele>858.000000</ele>
			</trkpt>
			<trkpt lat="47.688150" lon="10.917297">
				<ele>858.000000</ele>
			</trkpt>
			<trkpt lat="47.688071" lon="10.917307">
				<ele>859.000000</ele>
			</trkpt>
			<trkpt lat="47.687986" lon="10.917307">
				<ele>860.000000</ele>
			</trkpt>
			<trkpt lat="47.687902" lon="10.917297">
				<ele>861.000000</ele>
			</trkpt>
			<trkpt lat="47.687811" lon="10.917271">
				<ele>862.000000</ele>
			</trkpt>
			<trkpt lat="47.687732" lon="10.917253">
				<ele>863.000000</ele>
			</trkpt>
			<trkpt lat="47.687642" lon="10.917225">
				<ele>864.000000</ele>
			</trkpt>
			<trkpt lat="47.687515" lon="10.917181">
				<ele>865.000000</ele>
			</trkpt>
			<trkpt lat="47.687388" lon="10.917135">
				<ele>867.000000</ele>
			</trkpt>
			<trkpt lat="47.687315" lon="10.917082">
				<ele>868.000000</ele>
			</trkpt>
			<trkpt lat="47.687279" lon="10.917001">
				<ele>868.000000</ele>
			</trkpt>
			<trkpt lat="47.687285" lon="10.916651">
				<ele>870.000000</ele>
			</trkpt>
			<trkpt lat="47.687285" lon="10.916301">
				<ele>870.000000</ele>
			</trkpt>
			<trkpt lat="47.687285" lon="10.915896">
				<ele>870.000000</ele>
			</trkpt>
			<trkpt lat="47.687273" lon="10.915510">
				<ele>870.000000</ele>
			</trkpt>
			<trkpt lat="47.687249" lon="10.915169">
				<ele>870.000000</ele>
			</trkpt>
			<trkpt lat="47.687225" lon="10.914917">
				<ele>870.000000</ele>
			</trkpt>
			<trkpt lat="47.687201" lon="10.914720">
				<ele>870.000000</ele>
			</trkpt>
			<trkpt lat="47.687176" lon="10.914531">
				<ele>870.000000</ele>
			</trkpt>
			<trkpt lat="47.687146" lon="10.914351">
				<ele>870.000000</ele>
			</trkpt>
			<trkpt lat="47.687097" lon="10.914154">
				<ele>870.000000</ele>
			</trkpt>
			<trkpt lat="47.687073" lon="10.914055">
				<ele>870.000000</ele>
			</trkpt>
			<trkpt lat="47.687043" lon="10.913938">
				<ele>870.000000</ele>
			</trkpt>
			<trkpt lat="47.687001" lon="10.913821">
				<ele>870.000000</ele>
			</trkpt>
			<trkpt lat="47.686940" lon="10.913668">
				<ele>870.000000</ele>
			</trkpt>
			<trkpt lat="47.686820" lon="10.913399">
				<ele>870.000000</ele>
			</trkpt>
			<trkpt lat="47.686680" lon="10.913093">
				<ele>870.000000</ele>
			</trkpt>
			<trkpt lat="47.686584" lon="10.912860">
				<ele>870.000000</ele>
			</trkpt>
			<trkpt lat="47.686468" lon="10.912546">
				<ele>870.000000</ele>
			</trkpt>
			<trkpt lat="47.686426" lon="10.912401">
				<ele>870.000000</ele>
			</trkpt>
			<trkpt lat="47.686402" lon="10.912294">
				<ele>870.000000</ele>
			</trkpt>
			<trkpt lat="47.686384" lon="10.912187">
				<ele>870.000000</ele>
			</trkpt>
			<trkpt lat="47.686372" lon="10.912060">
				<ele>870.000000</ele>
			</trkpt>
			<trkpt lat="47.686372" lon="10.911953">
				<ele>870.000000</ele>
			</trkpt>
			<trkpt lat="47.686372" lon="10.911835">
				<ele>870.000000</ele>
			</trkpt>
			<trkpt lat="47.686378" lon="10.911755">
				<ele>870.000000</ele>
			</trkpt>
			<trkpt lat="47.686396" lon="10.911665">
				<ele>870.000000</ele>
			</trkpt>
			<trkpt lat="47.686414" lon="10.911584">
				<ele>870.000000</ele>
			</trkpt>
			<trkpt lat="47.686444" lon="10.911485">
				<ele>870.000000</ele>
			</trkpt>
			<trkpt lat="47.686493" lon="10.911342">
				<ele>870.000000</ele>
			</trkpt>
			<trkpt lat="47.686590" lon="10.911091">
				<ele>870.000000</ele>
			</trkpt>
			<trkpt lat="47.686802" lon="10.910569">
				<ele>870.000000</ele>
			</trkpt>
			<trkpt lat="47.686904" lon="10.910300">
				<ele>870.000000</ele>
			</trkpt>
			<trkpt lat="47.686946" lon="10.910156">
				<ele>870.000000</ele>
			</trkpt>
			<trkpt lat="47.686977" lon="10.909994">
				<ele>870.000000</ele>
			</trkpt>
			<trkpt lat="47.686995" lon="10.909841">
				<ele>870.000000</ele>
			</trkpt>
			<trkpt lat="47.686995" lon="10.909734">
				<ele>870.000000</ele>
			</trkpt>
			<trkpt lat="47.686977" lon="10.909617">
				<ele>870.000000</ele>
			</trkpt>
			<trkpt lat="47.686946" lon="10.909437">
				<ele>870.000000</ele>
			</trkpt>
			<trkpt lat="47.686916" lon="10.909258">
				<ele>869.000000</ele>
			</trkpt>
			<trkpt lat="47.686892" lon="10.909204">
				<ele>869.000000</ele>
			</trkpt>
			<trkpt lat="47.686856" lon="10.909123">
				<ele>869.000000</ele>
			</trkpt>
			<trkpt lat="47.686802" lon="10.909034">
				<ele>869.000000</ele>
			</trkpt>
			<trkpt lat="47.686710" lon="10.908889">
				<ele>868.000000</ele>
			</trkpt>
			<trkpt lat="47.686566" lon="10.908665">
				<ele>868.000000</ele>
			</trkpt>
			<trkpt lat="47.686378" lon="10.908378">
				<ele>867.000000</ele>
			</trkpt>
			<trkpt lat="47.686118" lon="10.907963">
				<ele>866.000000</ele>
			</trkpt>
			<trkpt lat="47.685991" lon="10.907749">
				<ele>866.000000</ele>
			</trkpt>
			<trkpt lat="47.686075" lon="10.907460">
				<ele>866.000000</ele>
			</trkpt>
			<trkpt lat="47.686227" lon="10.906831">
				<ele>864.000000</ele>
			</trkpt>
			<trkpt lat="47.686299" lon="10.906608">
				<ele>864.000000</ele>
			</trkpt>
			<trkpt lat="47.686438" lon="10.906374">
				<ele>864.000000</ele>
			</trkpt>
			<trkpt lat="47.686566" lon="10.906239">
				<ele>863.000000</ele>
			</trkpt>
			<trkpt lat="47.686578" lon="10.906185">
				<ele>863.000000</ele>
			</trkpt>
			<trkpt lat="47.686602" lon="10.906015">
				<ele>863.000000</ele>
			</trkpt>
			<trkpt lat="47.686620" lon="10.905871">
				<ele>863.000000</ele>
			</trkpt>
			<trkpt lat="47.686566" lon="10.905682">
				<ele>862.000000</ele>
			</trkpt>
			<trkpt lat="47.686420" lon="10.905431">
				<ele>862.000000</ele>
			</trkpt>
			<trkpt lat="47.686330" lon="10.905449">
				<ele>862.000000</ele>
			</trkpt>
			<trkpt lat="47.686167" lon="10.905476">
				<ele>861.000000</ele>
			</trkpt>
			<trkpt lat="47.686027" lon="10.905493">
				<ele>861.000000</ele>
			</trkpt>
			<trkpt lat="47.685949" lon="10.905493">
				<ele>861.000000</ele>
			</trkpt>
			<trkpt lat="47.685846" lon="10.905493">
				<ele>860.000000</ele>
			</trkpt>
			<trkpt lat="47.685779" lon="10.905476">
				<ele>860.000000</ele>
			</trkpt>
			<trkpt lat="47.685725" lon="10.905466">
				<ele>860.000000</ele>
			</trkpt>
			<trkpt lat="47.685682" lon="10.905449">
				<ele>860.000000</ele>
			</trkpt>
			<trkpt lat="47.685646" lon="10.905431">
				<ele>860.000000</ele>
			</trkpt>
			<trkpt lat="47.685598" lon="10.905386">
				<ele>861.000000</ele>
			</trkpt>
			<trkpt lat="47.685556" lon="10.905332">
				<ele>861.000000</ele>
			</trkpt>
			<trkpt lat="47.685520" lon="10.905287">
				<ele>862.000000</ele>
			</trkpt>
			<trkpt lat="47.685126" lon="10.904631">
				<ele>866.000000</ele>
			</trkpt>
			<trkpt lat="47.684799" lon="10.904128">
				<ele>869.000000</ele>
			</trkpt>
			<trkpt lat="47.684727" lon="10.903967">
				<ele>870.000000</ele>
			</trkpt>
			<trkpt lat="47.684697" lon="10.903877">
				<ele>870.000000</ele>
			</trkpt>
			<trkpt lat="47.684648" lon="10.903428">
				<ele>870.000000</ele>
			</trkpt>
			<trkpt lat="47.684612" lon="10.903113">
				<ele>870.000000</ele>
			</trkpt>
			<trkpt lat="47.684546" lon="10.902602">
				<ele>870.000000</ele>
			</trkpt>
			<trkpt lat="47.684521" lon="10.902376">
				<ele>870.000000</ele>
			</trkpt>
			<trkpt lat="47.684528" lon="10.902206">
				<ele>870.000000</ele>
			</trkpt>
			<trkpt lat="47.684540" lon="10.901990">
				<ele>870.000000</ele>
			</trkpt>
			<trkpt lat="47.684540" lon="10.901757">
				<ele>870.000000</ele>
			</trkpt>
			<trkpt lat="47.684521" lon="10.901550">
				<ele>870.000000</ele>
			</trkpt>
			<trkpt lat="47.684461" lon="10.901344">
				<ele>870.000000</ele>
			</trkpt>
			<trkpt lat="47.684394" lon="10.901200">
				<ele>870.000000</ele>
			</trkpt>
			<trkpt lat="47.684268" lon="10.901038">
				<ele>870.000000</ele>
			</trkpt>
			<trkpt lat="47.684116" lon="10.900948">
				<ele>870.000000</ele>
			</trkpt>
			<trkpt lat="47.683971" lon="10.900957">
				<ele>870.000000</ele>
			</trkpt>
			<trkpt lat="47.683893" lon="10.900994">
				<ele>870.000000</ele>
			</trkpt>
			<trkpt lat="47.683765" lon="10.901029">
				<ele>870.000000</ele>
			</trkpt>
			<trkpt lat="47.683633" lon="10.901047">
				<ele>869.000000</ele>
			</trkpt>
			<trkpt lat="47.683541" lon="10.901038">
				<ele>869.000000</ele>
			</trkpt>
			<trkpt lat="47.683409" lon="10.900984">
				<ele>869.000000</ele>
			</trkpt>
			<trkpt lat="47.683227" lon="10.900894">
				<ele>869.000000</ele>
			</trkpt>
			<trkpt lat="47.682888" lon="10.900697">
				<ele>869.000000</ele>
			</trkpt>
			<trkpt lat="47.682792" lon="10.900562">
				<ele>868.000000</ele>
			</trkpt>
			<trkpt lat="47.682653" lon="10.900518">
				<ele>868.000000</ele>
			</trkpt>
			<trkpt lat="47.682435" lon="10.900373">
				<ele>868.000000</ele>
			</trkpt>
			<trkpt lat="47.682175" lon="10.900158">
				<ele>868.000000</ele>
			</trkpt>
			<trkpt lat="47.681951" lon="10.899978">
				<ele>868.000000</ele>
			</trkpt>
			<trkpt lat="47.681848" lon="10.899799">
				<ele>867.000000</ele>
			</trkpt>
			<trkpt lat="47.681770" lon="10.899682">
				<ele>867.000000</ele>
			</trkpt>
			<trkpt lat="47.681746" lon="10.899663">
				<ele>867.000000</ele>
			</trkpt>
			<trkpt lat="47.681734" lon="10.899655">
				<ele>867.000000</ele>
			</trkpt>
			<trkpt lat="47.681673" lon="10.899627">
				<ele>867.000000</ele>
			</trkpt>
			<trkpt lat="47.681636" lon="10.899600">
				<ele>867.000000</ele>
			</trkpt>
			<trkpt lat="47.681383" lon="10.899826">
				<ele>868.000000</ele>
			</trkpt>
			<trkpt lat="47.681123" lon="10.899960">
				<ele>869.000000</ele>
			</trkpt>
			<trkpt lat="47.680760" lon="10.900032">
				<ele>870.000000</ele>
			</trkpt>
			<trkpt lat="47.680614" lon="10.900032">
				<ele>870.000000</ele>
			</trkpt>
			<trkpt lat="47.680494" lon="10.899978">
				<ele>870.000000</ele>
			</trkpt>
			<trkpt lat="47.680415" lon="10.900373">
				<ele>870.000000</ele>
			</trkpt>
			<trkpt lat="47.680421" lon="10.900436">
				<ele>870.000000</ele>
			</trkpt>
			<trkpt lat="47.680445" lon="10.900589">
				<ele>870.000000</ele>
			</trkpt>
			<trkpt lat="47.680445" lon="10.900589">
				<ele>870.000000</ele>
			</trkpt>
			<trkpt lat="47.680421" lon="10.900436">
				<ele>870.000000</ele>
			</trkpt>
			<trkpt lat="47.680415" lon="10.900373">
				<ele>870.000000</ele>
			</trkpt>
			<trkpt lat="47.680494" lon="10.899978">
				<ele>870.000000</ele>
			</trkpt>
			<trkpt lat="47.680614" lon="10.900032">
				<ele>870.000000</ele>
			</trkpt>
			<trkpt lat="47.680760" lon="10.900032">
				<ele>870.000000</ele>
			</trkpt>
			<trkpt lat="47.681123" lon="10.899960">
				<ele>869.000000</ele>
			</trkpt>
			<trkpt lat="47.681383" lon="10.899826">
				<ele>868.000000</ele>
			</trkpt>
			<trkpt lat="47.681636" lon="10.899600">
				<ele>867.000000</ele>
			</trkpt>
			<trkpt lat="47.681673" lon="10.899627">
				<ele>867.000000</ele>
			</trkpt>
			<trkpt lat="47.681734" lon="10.899655">
				<ele>867.000000</ele>
			</trkpt>
			<trkpt lat="47.681746" lon="10.899663">
				<ele>867.000000</ele>
			</trkpt>
			<trkpt lat="47.681770" lon="10.899682">
				<ele>867.000000</ele>
			</trkpt>
			<trkpt lat="47.681848" lon="10.899799">
				<ele>867.000000</ele>
			</trkpt>
			<trkpt lat="47.681951" lon="10.899978">
				<ele>868.000000</ele>
			</trkpt>
			<trkpt lat="47.682175" lon="10.900158">
				<ele>868.000000</ele>
			</trkpt>
			<trkpt lat="47.682435" lon="10.900373">
				<ele>868.000000</ele>
			</trkpt>
			<trkpt lat="47.682653" lon="10.900518">
				<ele>868.000000</ele>
			</trkpt>
			<trkpt lat="47.682792" lon="10.900562">
				<ele>868.000000</ele>
			</trkpt>
			<trkpt lat="47.682918" lon="10.900571">
				<ele>868.000000</ele>
			</trkpt>
			<trkpt lat="47.683046" lon="10.900535">
				<ele>868.000000</ele>
			</trkpt>
			<trkpt lat="47.683179" lon="10.900455">
				<ele>867.000000</ele>
			</trkpt>
			<trkpt lat="47.683384" lon="10.900302">
				<ele>867.000000</ele>
			</trkpt>
			<trkpt lat="47.683771" lon="10.899986">
				<ele>865.000000</ele>
			</trkpt>
			<trkpt lat="47.683856" lon="10.899952">
				<ele>865.000000</ele>
			</trkpt>
			<trkpt lat="47.683971" lon="10.899835">
				<ele>865.000000</ele>
			</trkpt>
			<trkpt lat="47.684170" lon="10.899717">
				<ele>864.000000</ele>
			</trkpt>
			<trkpt lat="47.684606" lon="10.899484">
				<ele>863.000000</ele>
			</trkpt>
			<trkpt lat="47.685060" lon="10.899313">
				<ele>862.000000</ele>
			</trkpt>
			<trkpt lat="47.685840" lon="10.899097">
				<ele>859.000000</ele>
			</trkpt>
			<trkpt lat="47.686493" lon="10.898910">
				<ele>857.000000</ele>
			</trkpt>
			<trkpt lat="47.686771" lon="10.898792">
				<ele>856.000000</ele>
			</trkpt>
			<trkpt lat="47.687019" lon="10.898675">
				<ele>856.000000</ele>
			</trkpt>
			<trkpt lat="47.687376" lon="10.898478">
				<ele>854.000000</ele>
			</trkpt>
			<trkpt lat="47.687642" lon="10.898289">
				<ele>853.000000</ele>
			</trkpt>
			<trkpt lat="47.687926" lon="10.898047">
				<ele>852.000000</ele>
			</trkpt>
			<trkpt lat="47.688259" lon="10.897750">
				<ele>851.000000</ele>
			</trkpt>
			<trkpt lat="47.689069" lon="10.896879">
				<ele>850.000000</ele>
			</trkpt>
			<trkpt lat="47.689226" lon="10.896744">
				<ele>850.000000</ele>
			</trkpt>
			<trkpt lat="47.689359" lon="10.896654">
				<ele>850.000000</ele>
			</trkpt>
			<trkpt lat="47.689517" lon="10.896564">
				<ele>850.000000</ele>
			</trkpt>
			<trkpt lat="47.689686" lon="10.896510">
				<ele>850.000000</ele>
			</trkpt>
			<trkpt lat="47.689879" lon="10.896484">
				<ele>850.000000</ele>
			</trkpt>
			<trkpt lat="47.690091" lon="10.896493">
				<ele>850.000000</ele>
			</trkpt>
			<trkpt lat="47.690333" lon="10.896564">
				<ele>850.000000</ele>
			</trkpt>
			<trkpt lat="47.690387" lon="10.896493">
				<ele>850.000000</ele>
			</trkpt>
			<trkpt lat="47.690484" lon="10.896376">
				<ele>850.000000</ele>
			</trkpt>
			<trkpt lat="47.690683" lon="10.896250">
				<ele>850.000000</ele>
			</trkpt>
			<trkpt lat="47.690762" lon="10.896160">
				<ele>850.000000</ele>
			</trkpt>
			<trkpt lat="47.690877" lon="10.895954">
				<ele>850.000000</ele>
			</trkpt>
			<trkpt lat="47.691046" lon="10.895801">
				<ele>850.000000</ele>
			</trkpt>
			<trkpt lat="47.691282" lon="10.895631">
				<ele>850.000000</ele>
			</trkpt>
			<trkpt lat="47.691481" lon="10.895558">
				<ele>850.000000</ele>
			</trkpt>
			<trkpt lat="47.691760" lon="10.895459">
				<ele>850.000000</ele>
			</trkpt>
			<trkpt lat="47.691905" lon="10.895369">
				<ele>850.000000</ele>
			</trkpt>
			<trkpt lat="47.692074" lon="10.895226">
				<ele>850.000000</ele>
			</trkpt>
			<trkpt lat="47.692262" lon="10.894948">
				<ele>850.000000</ele>
			</trkpt>
			<trkpt lat="47.692485" lon="10.894642">
				<ele>850.000000</ele>
			</trkpt>
			<trkpt lat="47.692679" lon="10.894589">
				<ele>850.000000</ele>
			</trkpt>
			<trkpt lat="47.692963" lon="10.894390">
				<ele>850.000000</ele>
			</trkpt>
			<trkpt lat="47.693368" lon="10.894166">
				<ele>850.000000</ele>
			</trkpt>
			<trkpt lat="47.693647" lon="10.894013">
				<ele>850.000000</ele>
			</trkpt>
			<trkpt lat="47.693791" lon="10.893906">
				<ele>850.000000</ele>
			</trkpt>
			<trkpt lat="47.693967" lon="10.893690">
				<ele>850.000000</ele>
			</trkpt>
			<trkpt lat="47.694076" lon="10.893564">
				<ele>850.000000</ele>
			</trkpt>
			<trkpt lat="47.694190" lon="10.893403">
				<ele>850.000000</ele>
			</trkpt>
			<trkpt lat="47.694263" lon="10.893241">
				<ele>850.000000</ele>
			</trkpt>
			<trkpt lat="47.694330" lon="10.893097">
				<ele>850.000000</ele>
			</trkpt>
			<trkpt lat="47.694481" lon="10.892801">
				<ele>850.000000</ele>
			</trkpt>
			<trkpt lat="47.694626" lon="10.892513">
				<ele>850.000000</ele>
			</trkpt>
			<trkpt lat="47.694825" lon="10.892271">
				<ele>850.000000</ele>
			</trkpt>
			<trkpt lat="47.695043" lon="10.891983">
				<ele>850.000000</ele>
			</trkpt>
			<trkpt lat="47.695261" lon="10.891686">
				<ele>850.000000</ele>
			</trkpt>
			<trkpt lat="47.695394" lon="10.891436">
				<ele>850.000000</ele>
			</trkpt>
			<trkpt lat="47.695527" lon="10.891166">
				<ele>850.000000</ele>
			</trkpt>
			<trkpt lat="47.695599" lon="10.890887">
				<ele>850.000000</ele>
			</trkpt>
			<trkpt lat="47.695617" lon="10.890447">
				<ele>850.000000</ele>
			</trkpt>
			<trkpt lat="47.695599" lon="10.890061">
				<ele>850.000000</ele>
			</trkpt>
			<trkpt lat="47.695593" lon="10.889639">
				<ele>850.000000</ele>
			</trkpt>
			<trkpt lat="47.695599" lon="10.889459">
				<ele>850.000000</ele>
			</trkpt>
			<trkpt lat="47.695635" lon="10.889180">
				<ele>850.000000</ele>
			</trkpt>
			<trkpt lat="47.695720" lon="10.888677">
				<ele>850.000000</ele>
			</trkpt>
			<trkpt lat="47.695727" lon="10.888543">
				<ele>850.000000</ele>
			</trkpt>
			<trkpt lat="47.695708" lon="10.888407">
				<ele>850.000000</ele>
			</trkpt>
			<trkpt lat="47.695672" lon="10.888318">
				<ele>850.000000</ele>
			</trkpt>
			<trkpt lat="47.695533" lon="10.887994">
				<ele>849.000000</ele>
			</trkpt>
			<trkpt lat="47.695460" lon="10.887815">
				<ele>849.000000</ele>
			</trkpt>
			<trkpt lat="47.695412" lon="10.887554">
				<ele>848.000000</ele>
			</trkpt>
			<trkpt lat="47.695400" lon="10.887419">
				<ele>848.000000</ele>
			</trkpt>
			<trkpt lat="47.695406" lon="10.887312">
				<ele>848.000000</ele>
			</trkpt>
			<trkpt lat="47.695479" lon="10.886728">
				<ele>847.000000</ele>
			</trkpt>
			<trkpt lat="47.695593" lon="10.885883">
				<ele>846.000000</ele>
			</trkpt>
			<trkpt lat="47.695635" lon="10.885641">
				<ele>845.000000</ele>
			</trkpt>
			<trkpt lat="47.695702" lon="10.885344">
				<ele>845.000000</ele>
			</trkpt>
			<trkpt lat="47.695781" lon="10.885183">
				<ele>845.000000</ele>
			</trkpt>
			<trkpt lat="47.695884" lon="10.885057">
				<ele>844.000000</ele>
			</trkpt>
			<trkpt lat="47.696150" lon="10.884725">
				<ele>843.000000</ele>
			</trkpt>
			<trkpt lat="47.696228" lon="10.884375">
				<ele>843.000000</ele>
			</trkpt>
			<trkpt lat="47.696222" lon="10.884168">
				<ele>843.000000</ele>
			</trkpt>
			<trkpt lat="47.696192" lon="10.883916">
				<ele>842.000000</ele>
			</trkpt>
			<trkpt lat="47.696150" lon="10.883773">
				<ele>842.000000</ele>
			</trkpt>
			<trkpt lat="47.696132" lon="10.883637">
				<ele>842.000000</ele>
			</trkpt>
			<trkpt lat="47.696126" lon="10.883467">
				<ele>841.000000</ele>
			</trkpt>
			<trkpt lat="47.696144" lon="10.883189">
				<ele>841.000000</ele>
			</trkpt>
			<trkpt lat="47.696216" lon="10.882794">
				<ele>840.000000</ele>
			</trkpt>
			<trkpt lat="47.696289" lon="10.882434">
				<ele>839.000000</ele>
			</trkpt>
			<trkpt lat="47.696319" lon="10.882228">
				<ele>838.000000</ele>
			</trkpt>
			<trkpt lat="47.696343" lon="10.881958">
				<ele>837.000000</ele>
			</trkpt>
			<trkpt lat="47.696337" lon="10.881849">
				<ele>836.000000</ele>
			</trkpt>
			<trkpt lat="47.696331" lon="10.881536">
				<ele>835.000000</ele>
			</trkpt>
			<trkpt lat="47.696270" lon="10.881167">
				<ele>833.000000</ele>
			</trkpt>
			<trkpt lat="47.696210" lon="10.880826">
				<ele>832.000000</ele>
			</trkpt>
			<trkpt lat="47.696156" lon="10.880539">
				<ele>830.000000</ele>
			</trkpt>
			<trkpt lat="47.696102" lon="10.880107">
				<ele>827.000000</ele>
			</trkpt>
			<trkpt lat="47.696071" lon="10.879847">
				<ele>824.000000</ele>
			</trkpt>
			<trkpt lat="47.696077" lon="10.879568">
				<ele>822.000000</ele>
			</trkpt>
			<trkpt lat="47.696102" lon="10.879325">
				<ele>820.000000</ele>
			</trkpt>
			<trkpt lat="47.696168" lon="10.878975">
				<ele>820.000000</ele>
			</trkpt>
			<trkpt lat="47.696222" lon="10.878633">
				<ele>820.000000</ele>
			</trkpt>
			<trkpt lat="47.696228" lon="10.878302">
				<ele>820.000000</ele>
			</trkpt>
			<trkpt lat="47.696174" lon="10.877978">
				<ele>820.000000</ele>
			</trkpt>
			<trkpt lat="47.696071" lon="10.877637">
				<ele>820.000000</ele>
			</trkpt>
			<trkpt lat="47.695992" lon="10.877502">
				<ele>820.000000</ele>
			</trkpt>
			<trkpt lat="47.695635" lon="10.876964">
				<ele>820.000000</ele>
			</trkpt>
			<trkpt lat="47.695527" lon="10.876738">
				<ele>820.000000</ele>
			</trkpt>
			<trkpt lat="47.695485" lon="10.876505">
				<ele>820.000000</ele>
			</trkpt>
			<trkpt lat="47.695479" lon="10.876289">
				<ele>820.000000</ele>
			</trkpt>
			<trkpt lat="47.695509" lon="10.875885">
				<ele>820.000000</ele>
			</trkpt>
			<trkpt lat="47.695557" lon="10.875553">
				<ele>820.000000</ele>
			</trkpt>
			<trkpt lat="47.695660" lon="10.874754">
				<ele>820.000000</ele>
			</trkpt>
			<trkpt lat="47.695775" lon="10.874088">
				<ele>820.000000</ele>
			</trkpt>
			<trkpt lat="47.695872" lon="10.873576">
				<ele>820.000000</ele>
			</trkpt>
			<trkpt lat="47.695962" lon="10.873182">
				<ele>820.000000</ele>
			</trkpt>
			<trkpt lat="47.696089" lon="10.872750">
				<ele>820.000000</ele>
			</trkpt>
			<trkpt lat="47.696264" lon="10.872220">
				<ele>820.000000</ele>
			</trkpt>
			<trkpt lat="47.696427" lon="10.871771">
				<ele>820.000000</ele>
			</trkpt>
			<trkpt lat="47.696513" lon="10.871492">
				<ele>819.000000</ele>
			</trkpt>
			<trkpt lat="47.696621" lon="10.871088">
				<ele>818.000000</ele>
			</trkpt>
			<trkpt lat="47.696730" lon="10.870593">
				<ele>817.000000</ele>
			</trkpt>
			<trkpt lat="47.696784" lon="10.870207">
				<ele>816.000000</ele>
			</trkpt>
			<trkpt lat="47.696936" lon="10.869417">
				<ele>815.000000</ele>
			</trkpt>
			<trkpt lat="47.697026" lon="10.869058">
				<ele>814.000000</ele>
			</trkpt>
			<trkpt lat="47.697238" lon="10.868448">
				<ele>813.000000</ele>
			</trkpt>
			<trkpt lat="47.697425" lon="10.867693">
				<ele>811.000000</ele>
			</trkpt>
			<trkpt lat="47.697486" lon="10.867198">
				<ele>810.000000</ele>
			</trkpt>
			<trkpt lat="47.697510" lon="10.866777">
				<ele>809.000000</ele>
			</trkpt>
			<trkpt lat="47.697492" lon="10.866498">
				<ele>809.000000</ele>
			</trkpt>
			<trkpt lat="47.697425" lon="10.866301">
				<ele>808.000000</ele>
			</trkpt>
			<trkpt lat="47.697419" lon="10.866282">
				<ele>808.000000</ele>
			</trkpt>
			<trkpt lat="47.697389" lon="10.866192">
				<ele>807.000000</ele>
			</trkpt>
			<trkpt lat="47.697178" lon="10.865825">
				<ele>806.000000</ele>
			</trkpt>
			<trkpt lat="47.697050" lon="10.865653">
				<ele>805.000000</ele>
			</trkpt>
			<trkpt lat="47.696918" lon="10.865375">
				<ele>804.000000</ele>
			</trkpt>
			<trkpt lat="47.696839" lon="10.865087">
				<ele>803.000000</ele>
			</trkpt>
			<trkpt lat="47.696591" lon="10.863561">
				<ele>798.000000</ele>
			</trkpt>
			<trkpt lat="47.696567" lon="10.863272">
				<ele>797.000000</ele>
			</trkpt>
			<trkpt lat="47.696567" lon="10.863165">
				<ele>796.000000</ele>
			</trkpt>
			<trkpt lat="47.696609" lon="10.863058">
				<ele>795.000000</ele>
			</trkpt>
			<trkpt lat="47.696663" lon="10.862985">
				<ele>795.000000</ele>
			</trkpt>
			<trkpt lat="47.696821" lon="10.862878">
				<ele>794.000000</ele>
			</trkpt>
			<trkpt lat="47.697117" lon="10.862635">
				<ele>791.000000</ele>
			</trkpt>
			<trkpt lat="47.697268" lon="10.862563">
				<ele>790.000000</ele>
			</trkpt>
			<trkpt lat="47.697413" lon="10.862572">
				<ele>789.000000</ele>
			</trkpt>
			<trkpt lat="47.697553" lon="10.862680">
				<ele>787.000000</ele>
			</trkpt>
			<trkpt lat="47.697885" lon="10.862949">
				<ele>783.000000</ele>
			</trkpt>
			<trkpt lat="47.698048" lon="10.863012">
				<ele>781.000000</ele>
			</trkpt>
			<trkpt lat="47.698096" lon="10.863039">
				<ele>781.000000</ele>
			</trkpt>
			<trkpt lat="47.698235" lon="10.863085">
				<ele>779.000000</ele>
			</trkpt>
			<trkpt lat="47.698411" lon="10.863075">
				<ele>777.000000</ele>
			</trkpt>
			<trkpt lat="47.698507" lon="10.863030">
				<ele>776.000000</ele>
			</trkpt>
			<trkpt lat="47.698610" lon="10.862968">
				<ele>775.000000</ele>
			</trkpt>
			<trkpt lat="47.698719" lon="10.862878">
				<ele>774.000000</ele>
			</trkpt>
			<trkpt lat="47.698882" lon="10.862733">
				<ele>772.000000</ele>
			</trkpt>
			<trkpt lat="47.699046" lon="10.862509">
				<ele>770.000000</ele>
			</trkpt>
			<trkpt lat="47.699058" lon="10.862482">
				<ele>770.000000</ele>
			</trkpt>
			<trkpt lat="47.699124" lon="10.862293">
				<ele>769.000000</ele>
			</trkpt>
			<trkpt lat="47.699167" lon="10.862177">
				<ele>769.000000</ele>
			</trkpt>
			<trkpt lat="47.699197" lon="10.862077">
				<ele>769.000000</ele>
			</trkpt>
			<trkpt lat="47.699239" lon="10.861817">
				<ele>768.000000</ele>
			</trkpt>
			<trkpt lat="47.699227" lon="10.861683">
				<ele>767.000000</ele>
			</trkpt>
			<trkpt lat="47.699191" lon="10.861422">
				<ele>767.000000</ele>
			</trkpt>
			<trkpt lat="47.699185" lon="10.861270">
				<ele>766.000000</ele>
			</trkpt>
			<trkpt lat="47.699227" lon="10.860856">
				<ele>765.000000</ele>
			</trkpt>
			<trkpt lat="47.699233" lon="10.860758">
				<ele>765.000000</ele>
			</trkpt>
			<trkpt lat="47.699662" lon="10.860498">
				<ele>764.000000</ele>
			</trkpt>
			<trkpt lat="47.699722" lon="10.860461">
				<ele>764.000000</ele>
			</trkpt>
			<trkpt lat="47.699790" lon="10.860416">
				<ele>764.000000</ele>
			</trkpt>
			<trkpt lat="47.700079" lon="10.860219">
				<ele>763.000000</ele>
			</trkpt>
			<trkpt lat="47.700152" lon="10.860173">
				<ele>763.000000</ele>
			</trkpt>
			<trkpt lat="47.700400" lon="10.860039">
				<ele>763.000000</ele>
			</trkpt>
			<trkpt lat="47.700594" lon="10.859967">
				<ele>762.000000</ele>
			</trkpt>
			<trkpt lat="47.700696" lon="10.859949">
				<ele>762.000000</ele>
			</trkpt>
			<trkpt lat="47.700847" lon="10.859940">
				<ele>762.000000</ele>
			</trkpt>
			<trkpt lat="47.700999" lon="10.859932">
				<ele>762.000000</ele>
			</trkpt>
			<trkpt lat="47.701265" lon="10.859967">
				<ele>761.000000</ele>
			</trkpt>
			<trkpt lat="47.701428" lon="10.860030">
				<ele>761.000000</ele>
			</trkpt>
			<trkpt lat="47.701567" lon="10.860102">
				<ele>761.000000</ele>
			</trkpt>
			<trkpt lat="47.701621" lon="10.859869">
				<ele>761.000000</ele>
			</trkpt>
			<trkpt lat="47.701984" lon="10.859823">
				<ele>761.000000</ele>
			</trkpt>
			<trkpt lat="47.702123" lon="10.859779">
				<ele>760.000000</ele>
			</trkpt>
			<trkpt lat="47.702304" lon="10.859680">
				<ele>760.000000</ele>
			</trkpt>
			<trkpt lat="47.702407" lon="10.859617">
				<ele>760.000000</ele>
			</trkpt>
			<trkpt lat="47.702564" lon="10.859580">
				<ele>760.000000</ele>
			</trkpt>
			<trkpt lat="47.702837" lon="10.859563">
				<ele>760.000000</ele>
			</trkpt>
			<trkpt lat="47.703114" lon="10.859563">
				<ele>760.000000</ele>
			</trkpt>
			<trkpt lat="47.703211" lon="10.859527">
				<ele>760.000000</ele>
			</trkpt>
			<trkpt lat="47.703332" lon="10.859419">
				<ele>760.000000</ele>
			</trkpt>
			<trkpt lat="47.703386" lon="10.859276">
				<ele>760.000000</ele>
			</trkpt>
			<trkpt lat="47.703519" lon="10.858781">
				<ele>760.000000</ele>
			</trkpt>
			<trkpt lat="47.703635" lon="10.858521">
				<ele>760.000000</ele>
			</trkpt>
			<trkpt lat="47.703749" lon="10.858351">
				<ele>760.000000</ele>
			</trkpt>
			<trkpt lat="47.703906" lon="10.858116">
				<ele>760.000000</ele>
			</trkpt>
			<trkpt lat="47.704100" lon="10.857874">
				<ele>760.000000</ele>
			</trkpt>
			<trkpt lat="47.704438" lon="10.857469">
				<ele>760.000000</ele>
			</trkpt>
			<trkpt lat="47.704559" lon="10.857209">
				<ele>760.000000</ele>
			</trkpt>
			<trkpt lat="47.704644" lon="10.856930">
				<ele>760.000000</ele>
			</trkpt>
			<trkpt lat="47.704674" lon="10.856777">
				<ele>760.000000</ele>
			</trkpt>
			<trkpt lat="47.704674" lon="10.856607">
				<ele>760.000000</ele>
			</trkpt>
			<trkpt lat="47.704656" lon="10.856330">
				<ele>760.000000</ele>
			</trkpt>
			<trkpt lat="47.704571" lon="10.855359">
				<ele>760.000000</ele>
			</trkpt>
			<trkpt lat="47.704481" lon="10.854317">
				<ele>760.000000</ele>
			</trkpt>
			<trkpt lat="47.704396" lon="10.853517">
				<ele>760.000000</ele>
			</trkpt>
			<trkpt lat="47.704360" lon="10.853382">
				<ele>762.000000</ele>
			</trkpt>
			<trkpt lat="47.704293" lon="10.852978">
				<ele>769.000000</ele>
			</trkpt>
			<trkpt lat="47.704269" lon="10.852053">
				<ele>773.000000</ele>
			</trkpt>
			<trkpt lat="47.704269" lon="10.851388">
				<ele>775.000000</ele>
			</trkpt>
			<trkpt lat="47.704251" lon="10.851127">
				<ele>779.000000</ele>
			</trkpt>
			<trkpt lat="47.704196" lon="10.850670">
				<ele>783.000000</ele>
			</trkpt>
			<trkpt lat="47.704124" lon="10.850256">
				<ele>785.000000</ele>
			</trkpt>
			<trkpt lat="47.704070" lon="10.850014">
				<ele>787.000000</ele>
			</trkpt>
			<trkpt lat="47.703942" lon="10.849546">
				<ele>790.000000</ele>
			</trkpt>
			<trkpt lat="47.703797" lon="10.848972">
				<ele>790.000000</ele>
			</trkpt>
			<trkpt lat="47.703647" lon="10.848406">
				<ele>790.000000</ele>
			</trkpt>
			<trkpt lat="47.703495" lon="10.847750">
				<ele>789.000000</ele>
			</trkpt>
			<trkpt lat="47.703236" lon="10.846753">
				<ele>782.000000</ele>
			</trkpt>
			<trkpt lat="47.703217" lon="10.846592">
				<ele>780.000000</ele>
			</trkpt>
			<trkpt lat="47.703223" lon="10.846447">
				<ele>780.000000</ele>
			</trkpt>
			<trkpt lat="47.703266" lon="10.845513">
				<ele>777.000000</ele>
			</trkpt>
			<trkpt lat="47.703260" lon="10.845370">
				<ele>776.000000</ele>
			</trkpt>
			<trkpt lat="47.703223" lon="10.845252">
				<ele>776.000000</ele>
			</trkpt>
			<trkpt lat="47.703042" lon="10.844831">
				<ele>774.000000</ele>
			</trkpt>
			<trkpt lat="47.702933" lon="10.844543">
				<ele>773.000000</ele>
			</trkpt>
			<trkpt lat="47.702812" lon="10.844166">
				<ele>772.000000</ele>
			</trkpt>
			<trkpt lat="47.702679" lon="10.843743">
				<ele>770.000000</ele>
			</trkpt>
			<trkpt lat="47.702492" lon="10.843114">
				<ele>767.000000</ele>
			</trkpt>
			<trkpt lat="47.702456" lon="10.842881">
				<ele>766.000000</ele>
			</trkpt>
			<trkpt lat="47.702486" lon="10.842711">
				<ele>765.000000</ele>
			</trkpt>
			<trkpt lat="47.702540" lon="10.842458">
				<ele>764.000000</ele>
			</trkpt>
			<trkpt lat="47.702613" lon="10.842216">
				<ele>762.000000</ele>
			</trkpt>
			<trkpt lat="47.702703" lon="10.841965">
				<ele>761.000000</ele>
			</trkpt>
			<trkpt lat="47.702739" lon="10.841848">
				<ele>760.000000</ele>
			</trkpt>
			<trkpt lat="47.702769" lon="10.841695">
				<ele>760.000000</ele>
			</trkpt>
			<trkpt lat="47.702794" lon="10.841516">
				<ele>759.000000</ele>
			</trkpt>
			<trkpt lat="47.702824" lon="10.841210">
				<ele>759.000000</ele>
			</trkpt>
			<trkpt lat="47.702849" lon="10.840914">
				<ele>758.000000</ele>
			</trkpt>
			<trkpt lat="47.702831" lon="10.840734">
				<ele>757.000000</ele>
			</trkpt>
			<trkpt lat="47.702776" lon="10.840537">
				<ele>757.000000</ele>
			</trkpt>
			<trkpt lat="47.702763" lon="10.840491">
				<ele>757.000000</ele>
			</trkpt>
			<trkpt lat="47.702450" lon="10.839405">
				<ele>754.000000</ele>
			</trkpt>
			<trkpt lat="47.702364" lon="10.839135">
				<ele>753.000000</ele>
			</trkpt>
			<trkpt lat="47.702081" lon="10.838273">
				<ele>750.000000</ele>
			</trkpt>
			<trkpt lat="47.702020" lon="10.838137">
				<ele>750.000000</ele>
			</trkpt>
			<trkpt lat="47.702123" lon="10.838040">
				<ele>750.000000</ele>
			</trkpt>
			<trkpt lat="47.702468" lon="10.837680">
				<ele>750.000000</ele>
			</trkpt>
			<trkpt lat="47.703187" lon="10.836925">
				<ele>748.000000</ele>
			</trkpt>
			<trkpt lat="47.703344" lon="10.836764">
				<ele>748.000000</ele>
			</trkpt>
			<trkpt lat="47.703822" lon="10.836269">
				<ele>747.000000</ele>
			</trkpt>
			<trkpt lat="47.704033" lon="10.836080">
				<ele>747.000000</ele>
			</trkpt>
			<trkpt lat="47.704541" lon="10.835604">
				<ele>744.000000</ele>
			</trkpt>
			<trkpt lat="47.704577" lon="10.835524">
				<ele>744.000000</ele>
			</trkpt>
			<trkpt lat="47.704559" lon="10.835461">
				<ele>744.000000</ele>
			</trkpt>
			<trkpt lat="47.704451" lon="10.835281">
				<ele>743.000000</ele>
			</trkpt>
			<trkpt lat="47.704329" lon="10.835137">
				<ele>743.000000</ele>
			</trkpt>
			<trkpt lat="47.704293" lon="10.835066">
				<ele>743.000000</ele>
			</trkpt>
			<trkpt lat="47.704269" lon="10.834950">
				<ele>742.000000</ele>
			</trkpt>
			<trkpt lat="47.704275" lon="10.834778">
				<ele>742.000000</ele>
			</trkpt>
			<trkpt lat="47.704335" lon="10.834535">
				<ele>742.000000</ele>
			</trkpt>
			<trkpt lat="47.704426" lon="10.834266">
				<ele>741.000000</ele>
			</trkpt>
			<trkpt lat="47.704541" lon="10.833942">
				<ele>740.000000</ele>
			</trkpt>
			<trkpt lat="47.704614" lon="10.833718">
				<ele>740.000000</ele>
			</trkpt>
			<trkpt lat="47.704783" lon="10.833197">
				<ele>738.000000</ele>
			</trkpt>
			<trkpt lat="47.705200" lon="10.832263">
				<ele>734.000000</ele>
			</trkpt>
			<trkpt lat="47.705381" lon="10.831705">
				<ele>733.000000</ele>
			</trkpt>
			<trkpt lat="47.705738" lon="10.830942">
				<ele>730.000000</ele>
			</trkpt>
			<trkpt lat="47.705841" lon="10.830799">
				<ele>730.000000</ele>
			</trkpt>
			<trkpt lat="47.705962" lon="10.830637">
				<ele>729.000000</ele>
			</trkpt>
			<trkpt lat="47.706143" lon="10.830422">
				<ele>729.000000</ele>
			</trkpt>
			<trkpt lat="47.706209" lon="10.830304">
				<ele>729.000000</ele>
			</trkpt>
			<trkpt lat="47.706645" lon="10.829371">
				<ele>728.000000</ele>
			</trkpt>
			<trkpt lat="47.706917" lon="10.828939">
				<ele>728.000000</ele>
			</trkpt>
			<trkpt lat="47.707183" lon="10.828642">
				<ele>727.000000</ele>
			</trkpt>
			<trkpt lat="47.707533" lon="10.828319">
				<ele>726.000000</ele>
			</trkpt>
			<trkpt lat="47.707981" lon="10.827969">
				<ele>726.000000</ele>
			</trkpt>
			<trkpt lat="47.708102" lon="10.827897">
				<ele>726.000000</ele>
			</trkpt>
			<trkpt lat="47.708204" lon="10.827862">
				<ele>726.000000</ele>
			</trkpt>
			<trkpt lat="47.708277" lon="10.827879">
				<ele>725.000000</ele>
			</trkpt>
			<trkpt lat="47.708428" lon="10.828229">
				<ele>725.000000</ele>
			</trkpt>
			<trkpt lat="47.708621" lon="10.828544">
				<ele>725.000000</ele>
			</trkpt>
			<trkpt lat="47.708700" lon="10.828669">
				<ele>725.000000</ele>
			</trkpt>
			<trkpt lat="47.709032" lon="10.829047">
				<ele>724.000000</ele>
			</trkpt>
			<trkpt lat="47.709275" lon="10.829317">
				<ele>724.000000</ele>
			</trkpt>
			<trkpt lat="47.709999" lon="10.829900">
				<ele>722.000000</ele>
			</trkpt>
			<trkpt lat="47.710532" lon="10.830304">
				<ele>722.000000</ele>
			</trkpt>
			<trkpt lat="47.710761" lon="10.830430">
				<ele>721.000000</ele>
			</trkpt>
			<trkpt lat="47.710895" lon="10.830493">
				<ele>721.000000</ele>
			</trkpt>
			<trkpt lat="47.711045" lon="10.830539">
				<ele>721.000000</ele>
			</trkpt>
			<trkpt lat="47.711196" lon="10.830556">
				<ele>721.000000</ele>
			</trkpt>
			<trkpt lat="47.711378" lon="10.830566">
				<ele>720.000000</ele>
			</trkpt>
			<trkpt lat="47.711493" lon="10.830547">
				<ele>720.000000</ele>
			</trkpt>
			<trkpt lat="47.711607" lon="10.830403">
				<ele>720.000000</ele>
			</trkpt>
			<trkpt lat="47.711692" lon="10.830269">
				<ele>720.000000</ele>
			</trkpt>
			<trkpt lat="47.711976" lon="10.829738">
				<ele>720.000000</ele>
			</trkpt>
			<trkpt lat="47.712665" lon="10.828518">
				<ele>720.000000</ele>
			</trkpt>
			<trkpt lat="47.713064" lon="10.827969">
				<ele>720.000000</ele>
			</trkpt>
			<trkpt lat="47.713378" lon="10.827574">
				<ele>720.000000</ele>
			</trkpt>
			<trkpt lat="47.713657" lon="10.827206">
				<ele>720.000000</ele>
			</trkpt>
			<trkpt lat="47.713820" lon="10.827044">
				<ele>720.000000</ele>
			</trkpt>
			<trkpt lat="47.714074" lon="10.826820">
				<ele>720.000000</ele>
			</trkpt>
			<trkpt lat="47.714267" lon="10.826675">
				<ele>720.000000</ele>
			</trkpt>
			<trkpt lat="47.714497" lon="10.826568">
				<ele>720.000000</ele>
			</trkpt>
			<trkpt lat="47.714708" lon="10.826495">
				<ele>720.000000</ele>
			</trkpt>
			<trkpt lat="47.714920" lon="10.826460">
				<ele>720.000000</ele>
			</trkpt>
			<trkpt lat="47.715161" lon="10.826415">
				<ele>720.000000</ele>
			</trkpt>
			<trkpt lat="47.715355" lon="10.826316">
				<ele>720.000000</ele>
			</trkpt>
			<trkpt lat="47.715428" lon="10.826281">
				<ele>720.000000</ele>
			</trkpt>
			<trkpt lat="47.715518" lon="10.826226">
				<ele>720.000000</ele>
			</trkpt>
			<trkpt lat="47.715784" lon="10.825984">
				<ele>720.000000</ele>
			</trkpt>
			<trkpt lat="47.715917" lon="10.825849">
				<ele>720.000000</ele>
			</trkpt>
			<trkpt lat="47.716026" lon="10.825732">
				<ele>720.000000</ele>
			</trkpt>
			<trkpt lat="47.716128" lon="10.825606">
				<ele>721.000000</ele>
			</trkpt>
			<trkpt lat="47.716479" lon="10.825176">
				<ele>721.000000</ele>
			</trkpt>
			<trkpt lat="47.716987" lon="10.824528">
				<ele>721.000000</ele>
			</trkpt>
			<trkpt lat="47.717023" lon="10.824321">
				<ele>721.000000</ele>
			</trkpt>
			<trkpt lat="47.717084" lon="10.824025">
				<ele>721.000000</ele>
			</trkpt>
			<trkpt lat="47.716950" lon="10.823729">
				<ele>721.000000</ele>
			</trkpt>
			<trkpt lat="47.716830" lon="10.823459">
				<ele>722.000000</ele>
			</trkpt>
			<trkpt lat="47.716685" lon="10.823163">
				<ele>722.000000</ele>
			</trkpt>
			<trkpt lat="47.716582" lon="10.822956">
				<ele>723.000000</ele>
			</trkpt>
			<trkpt lat="47.716467" lon="10.822723">
				<ele>723.000000</ele>
			</trkpt>
			<trkpt lat="47.716256" lon="10.822400">
				<ele>723.000000</ele>
			</trkpt>
			<trkpt lat="47.716116" lon="10.822229">
				<ele>724.000000</ele>
			</trkpt>
			<trkpt lat="47.716044" lon="10.822166">
				<ele>724.000000</ele>
			</trkpt>
			<trkpt lat="47.716001" lon="10.822050">
				<ele>724.000000</ele>
			</trkpt>
			<trkpt lat="47.716001" lon="10.821950">
				<ele>724.000000</ele>
			</trkpt>
			<trkpt lat="47.716014" lon="10.821870">
				<ele>724.000000</ele>
			</trkpt>
			<trkpt lat="47.716183" lon="10.821348">
				<ele>724.000000</ele>
			</trkpt>
			<trkpt lat="47.716250" lon="10.821124">
				<ele>725.000000</ele>
			</trkpt>
			<trkpt lat="47.716280" lon="10.820971">
				<ele>726.000000</ele>
			</trkpt>
			<trkpt lat="47.716280" lon="10.820801">
				<ele>726.000000</ele>
			</trkpt>
			<trkpt lat="47.716213" lon="10.820621">
				<ele>727.000000</ele>
			</trkpt>
			<trkpt lat="47.716146" lon="10.820513">
				<ele>728.000000</ele>
			</trkpt>
			<trkpt lat="47.715977" lon="10.820342">
				<ele>729.000000</ele>
			</trkpt>
			<trkpt lat="47.715554" lon="10.819983">
				<ele>730.000000</ele>
			</trkpt>
			<trkpt lat="47.715131" lon="10.819633">
				<ele>730.000000</ele>
			</trkpt>
			<trkpt lat="47.714780" lon="10.819283">
				<ele>730.000000</ele>
			</trkpt>
			<trkpt lat="47.714497" lon="10.819013">
				<ele>730.000000</ele>
			</trkpt>
			<trkpt lat="47.714225" lon="10.818734">
				<ele>730.000000</ele>
			</trkpt>
			<trkpt lat="47.713777" lon="10.818195">
				<ele>730.000000</ele>
			</trkpt>
			<trkpt lat="47.713657" lon="10.817962">
				<ele>730.000000</ele>
			</trkpt>
			<trkpt lat="47.713488" lon="10.817593">
				<ele>730.000000</ele>
			</trkpt>
			<trkpt lat="47.713366" lon="10.817279">
				<ele>730.000000</ele>
			</trkpt>
			<trkpt lat="47.713239" lon="10.816983">
				<ele>730.000000</ele>
			</trkpt>
			<trkpt lat="47.713077" lon="10.816623">
				<ele>730.000000</ele>
			</trkpt>
			<trkpt lat="47.712937" lon="10.816363">
				<ele>730.000000</ele>
			</trkpt>
			<trkpt lat="47.712792" lon="10.816121">
				<ele>730.000000</ele>
			</trkpt>
			<trkpt lat="47.712514" lon="10.815779">
				<ele>730.000000</ele>
			</trkpt>
			<trkpt lat="47.711746" lon="10.815150">
				<ele>730.000000</ele>
			</trkpt>
			<trkpt lat="47.711535" lon="10.814970">
				<ele>730.000000</ele>
			</trkpt>
			<trkpt lat="47.711475" lon="10.814880">
				<ele>730.000000</ele>
			</trkpt>
			<trkpt lat="47.711426" lon="10.814728">
				<ele>730.000000</ele>
			</trkpt>
			<trkpt lat="47.711336" lon="10.814243">
				<ele>730.000000</ele>
			</trkpt>
			<trkpt lat="47.711269" lon="10.813973">
				<ele>730.000000</ele>
			</trkpt>
			<trkpt lat="47.711166" lon="10.813748">
				<ele>730.000000</ele>
			</trkpt>
			<trkpt lat="47.711064" lon="10.813605">
				<ele>730.000000</ele>
			</trkpt>
			<trkpt lat="47.710785" lon="10.813362">
				<ele>730.000000</ele>
			</trkpt>
			<trkpt lat="47.710580" lon="10.813147">
				<ele>730.000000</ele>
			</trkpt>
			<trkpt lat="47.710441" lon="10.812922">
				<ele>730.000000</ele>
			</trkpt>
			<trkpt lat="47.710362" lon="10.812788">
				<ele>730.000000</ele>
			</trkpt>
			<trkpt lat="47.710344" lon="10.812742">
				<ele>730.000000</ele>
			</trkpt>
			<trkpt lat="47.710320" lon="10.812671">
				<ele>730.000000</ele>
			</trkpt>
			<trkpt lat="47.710290" lon="10.812545">
				<ele>730.000000</ele>
			</trkpt>
			<trkpt lat="47.710314" lon="10.812392">
				<ele>730.000000</ele>
			</trkpt>
			<trkpt lat="47.710356" lon="10.812132">
				<ele>730.000000</ele>
			</trkpt>
			<trkpt lat="47.710368" lon="10.812006">
				<ele>730.000000</ele>
			</trkpt>
			<trkpt lat="47.710374" lon="10.811970">
				<ele>730.000000</ele>
			</trkpt>
			<trkpt lat="47.710386" lon="10.811880">
				<ele>730.000000</ele>
			</trkpt>
			<trkpt lat="47.710398" lon="10.811790">
				<ele>730.000000</ele>
			</trkpt>
			<trkpt lat="47.710416" lon="10.811566">
				<ele>730.000000</ele>
			</trkpt>
			<trkpt lat="47.710416" lon="10.811180">
				<ele>730.000000</ele>
			</trkpt>
			<trkpt lat="47.710398" lon="10.810470">
				<ele>730.000000</ele>
			</trkpt>
			<trkpt lat="47.710374" lon="10.809931">
				<ele>730.000000</ele>
			</trkpt>
			<trkpt lat="47.710350" lon="10.809572">
				<ele>730.000000</ele>
			</trkpt>
			<trkpt lat="47.710296" lon="10.809186">
				<ele>730.000000</ele>
			</trkpt>
			<trkpt lat="47.710211" lon="10.808691">
				<ele>730.000000</ele>
			</trkpt>
			<trkpt lat="47.710133" lon="10.808305">
				<ele>730.000000</ele>
			</trkpt>
			<trkpt lat="47.710042" lon="10.807865">
				<ele>730.000000</ele>
			</trkpt>
			<trkpt lat="47.709969" lon="10.807434">
				<ele>730.000000</ele>
			</trkpt>
			<trkpt lat="47.709849" lon="10.806715">
				<ele>730.000000</ele>
			</trkpt>
			<trkpt lat="47.709710" lon="10.806023">
				<ele>730.000000</ele>
			</trkpt>
			<trkpt lat="47.709692" lon="10.805951">
				<ele>730.000000</ele>
			</trkpt>
			<trkpt lat="47.709686" lon="10.805924">
				<ele>730.000000</ele>
			</trkpt>
			<trkpt lat="47.709655" lon="10.805807">
				<ele>730.000000</ele>
			</trkpt>
			<trkpt lat="47.709637" lon="10.805736">
				<ele>730.000000</ele>
			</trkpt>
			<trkpt lat="47.709631" lon="10.805700">
				<ele>730.000000</ele>
			</trkpt>
			<trkpt lat="47.709612" lon="10.805547">
				<ele>730.000000</ele>
			</trkpt>
			<trkpt lat="47.709540" lon="10.805448">
				<ele>730.000000</ele>
			</trkpt>
			<trkpt lat="47.709389" lon="10.805278">
				<ele>730.000000</ele>
			</trkpt>
			<trkpt lat="47.709141" lon="10.804991">
				<ele>730.000000</ele>
			</trkpt>
			<trkpt lat="47.708930" lon="10.804739">
				<ele>730.000000</ele>
			</trkpt>
			<trkpt lat="47.708706" lon="10.804389">
				<ele>730.000000</ele>
			</trkpt>
			<trkpt lat="47.708694" lon="10.804370">
				<ele>730.000000</ele>
			</trkpt>
			<trkpt lat="47.708489" lon="10.803993">
				<ele>730.000000</ele>
			</trkpt>
			<trkpt lat="47.708259" lon="10.803562">
				<ele>730.000000</ele>
			</trkpt>
			<trkpt lat="47.708247" lon="10.803534">
				<ele>730.000000</ele>
			</trkpt>
			<trkpt lat="47.708035" lon="10.803077">
				<ele>730.000000</ele>
			</trkpt>
			<trkpt lat="47.707727" lon="10.802331">
				<ele>730.000000</ele>
			</trkpt>
			<trkpt lat="47.707685" lon="10.802224">
				<ele>730.000000</ele>
			</trkpt>
			<trkpt lat="47.707582" lon="10.801972">
				<ele>730.000000</ele>
			</trkpt>
			<trkpt lat="47.707189" lon="10.801083">
				<ele>730.000000</ele>
			</trkpt>
			<trkpt lat="47.707128" lon="10.801002">
				<ele>730.000000</ele>
			</trkpt>
			<trkpt lat="47.707056" lon="10.800930">
				<ele>730.000000</ele>
			</trkpt>
			<trkpt lat="47.706953" lon="10.800884">
				<ele>730.000000</ele>
			</trkpt>
			<trkpt lat="47.706536" lon="10.800794">
				<ele>730.000000</ele>
			</trkpt>
			<trkpt lat="47.706361" lon="10.800607">
				<ele>730.000000</ele>
			</trkpt>
			<trkpt lat="47.706270" lon="10.800427">
				<ele>730.000000</ele>
			</trkpt>
			<trkpt lat="47.706270" lon="10.800427">
				<ele>730.000000</ele>
			</trkpt>
			<trkpt lat="47.706065" lon="10.800031">
				<ele>730.000000</ele>
			</trkpt>
			<trkpt lat="47.705913" lon="10.799735">
				<ele>730.000000</ele>
			</trkpt>
			<trkpt lat="47.705859" lon="10.799628">
				<ele>730.000000</ele>
			</trkpt>
			<trkpt lat="47.705744" lon="10.799385">
				<ele>730.000000</ele>
			</trkpt>
			<trkpt lat="47.705381" lon="10.798675">
				<ele>730.000000</ele>
			</trkpt>
			<trkpt lat="47.705279" lon="10.798396">
				<ele>730.000000</ele>
			</trkpt>
			<trkpt lat="47.705115" lon="10.797831">
				<ele>730.000000</ele>
			</trkpt>
			<trkpt lat="47.705019" lon="10.797641">
				<ele>730.000000</ele>
			</trkpt>
			<trkpt lat="47.704795" lon="10.797291">
				<ele>730.000000</ele>
			</trkpt>
			<trkpt lat="47.704662" lon="10.797031">
				<ele>730.000000</ele>
			</trkpt>
			<trkpt lat="47.704523" lon="10.796806">
				<ele>730.000000</ele>
			</trkpt>
			<trkpt lat="47.704372" lon="10.796618">
				<ele>730.000000</ele>
			</trkpt>
			<trkpt lat="47.704172" lon="10.796429">
				<ele>730.000000</ele>
			</trkpt>
			<trkpt lat="47.703635" lon="10.796052">
				<ele>730.000000</ele>
			</trkpt>
			<trkpt lat="47.703181" lon="10.795531">
				<ele>730.000000</ele>
			</trkpt>
			<trkpt lat="47.702939" lon="10.795297">
				<ele>730.000000</ele>
			</trkpt>
			<trkpt lat="47.702855" lon="10.795207">
				<ele>730.000000</ele>
			</trkpt>
			<trkpt lat="47.702824" lon="10.794991">
				<ele>730.000000</ele>
			</trkpt>
			<trkpt lat="47.702794" lon="10.794777">
				<ele>730.000000</ele>
			</trkpt>
			<trkpt lat="47.702679" lon="10.794794">
				<ele>730.000000</ele>
			</trkpt>
			<trkpt lat="47.702631" lon="10.794651">
				<ele>730.000000</ele>
			</trkpt>
			<trkpt lat="47.702528" lon="10.794417">
				<ele>730.000000</ele>
			</trkpt>
			<trkpt lat="47.702480" lon="10.794336">
				<ele>730.000000</ele>
			</trkpt>
			<trkpt lat="47.702371" lon="10.794049">
				<ele>730.000000</ele>
			</trkpt>
			<trkpt lat="47.702328" lon="10.793645">
				<ele>730.000000</ele>
			</trkpt>
			<trkpt lat="47.702328" lon="10.793024">
				<ele>730.000000</ele>
			</trkpt>
			<trkpt lat="47.702383" lon="10.792899">
				<ele>730.000000</ele>
			</trkpt>
			<trkpt lat="47.702462" lon="10.792764">
				<ele>730.000000</ele>
			</trkpt>
			<trkpt lat="47.702498" lon="10.792693">
				<ele>731.000000</ele>
			</trkpt>
			<trkpt lat="47.702510" lon="10.792576">
				<ele>731.000000</ele>
			</trkpt>
			<trkpt lat="47.702498" lon="10.792431">
				<ele>731.000000</ele>
			</trkpt>
			<trkpt lat="47.702504" lon="10.792261">
				<ele>732.000000</ele>
			</trkpt>
			<trkpt lat="47.702594" lon="10.792054">
				<ele>733.000000</ele>
			</trkpt>
			<trkpt lat="47.702745" lon="10.791928">
				<ele>734.000000</ele>
			</trkpt>
			<trkpt lat="47.702776" lon="10.791848">
				<ele>734.000000</ele>
			</trkpt>
			<trkpt lat="47.702757" lon="10.791569">
				<ele>735.000000</ele>
			</trkpt>
			<trkpt lat="47.702751" lon="10.791255">
				<ele>736.000000</ele>
			</trkpt>
			<trkpt lat="47.702763" lon="10.791057">
				<ele>737.000000</ele>
			</trkpt>
			<trkpt lat="47.702769" lon="10.790922">
				<ele>737.000000</ele>
			</trkpt>
			<trkpt lat="47.702885" lon="10.790896">
				<ele>738.000000</ele>
			</trkpt>
			<trkpt lat="47.702951" lon="10.790779">
				<ele>739.000000</ele>
			</trkpt>
			<trkpt lat="47.703048" lon="10.790626">
				<ele>740.000000</ele>
			</trkpt>
			<trkpt lat="47.703150" lon="10.790339">
				<ele>742.000000</ele>
			</trkpt>
			<trkpt lat="47.703205" lon="10.790230">
				<ele>743.000000</ele>
			</trkpt>
			<trkpt lat="47.703435" lon="10.789943">
				<ele>746.000000</ele>
			</trkpt>
			<trkpt lat="47.703483" lon="10.789871">
				<ele>747.000000</ele>
			</trkpt>
			<trkpt lat="47.703671" lon="10.789737">
				<ele>749.000000</ele>
			</trkpt>
			<trkpt lat="47.703822" lon="10.789530">
				<ele>751.000000</ele>
			</trkpt>
			<trkpt lat="47.703864" lon="10.789368">
				<ele>752.000000</ele>
			</trkpt>
			<trkpt lat="47.703876" lon="10.789144">
				<ele>753.000000</ele>
			</trkpt>
			<trkpt lat="47.703876" lon="10.788911">
				<ele>755.000000</ele>
			</trkpt>
			<trkpt lat="47.703858" lon="10.788614">
				<ele>756.000000</ele>
			</trkpt>
			<trkpt lat="47.703828" lon="10.788282">
				<ele>758.000000</ele>
			</trkpt>
			<trkpt lat="47.703822" lon="10.787483">
				<ele>761.000000</ele>
			</trkpt>
			<trkpt lat="47.703803" lon="10.786827">
				<ele>763.000000</ele>
			</trkpt>
			<trkpt lat="47.703882" lon="10.786386">
				<ele>764.000000</ele>
			</trkpt>
			<trkpt lat="47.703924" lon="10.786198">
				<ele>764.000000</ele>
			</trkpt>
			<trkpt lat="47.703985" lon="10.786009">
				<ele>764.000000</ele>
			</trkpt>
			<trkpt lat="47.704009" lon="10.785883">
				<ele>765.000000</ele>
			</trkpt>
			<trkpt lat="47.704070" lon="10.785739">
				<ele>765.000000</ele>
			</trkpt>
			<trkpt lat="47.704166" lon="10.785523">
				<ele>766.000000</ele>
			</trkpt>
			<trkpt lat="47.704305" lon="10.785280">
				<ele>766.000000</ele>
			</trkpt>
			<trkpt lat="47.704565" lon="10.784922">
				<ele>768.000000</ele>
			</trkpt>
			<trkpt lat="47.704813" lon="10.784517">
				<ele>769.000000</ele>
			</trkpt>
			<trkpt lat="47.705055" lon="10.784104">
				<ele>770.000000</ele>
			</trkpt>
			<trkpt lat="47.705224" lon="10.783888">
				<ele>771.000000</ele>
			</trkpt>
			<trkpt lat="47.705454" lon="10.783646">
				<ele>773.000000</ele>
			</trkpt>
			<trkpt lat="47.705654" lon="10.783512">
				<ele>774.000000</ele>
			</trkpt>
			<trkpt lat="47.705871" lon="10.783494">
				<ele>776.000000</ele>
			</trkpt>
			<trkpt lat="47.706167" lon="10.783556">
				<ele>777.000000</ele>
			</trkpt>
			<trkpt lat="47.706524" lon="10.783619">
				<ele>780.000000</ele>
			</trkpt>
			<trkpt lat="47.706687" lon="10.783682">
				<ele>790.000000</ele>
			</trkpt>
			<trkpt lat="47.706911" lon="10.783754">
				<ele>790.000000</ele>
			</trkpt>
			<trkpt lat="47.707074" lon="10.783762">
				<ele>790.000000</ele>
			</trkpt>
			<trkpt lat="47.707183" lon="10.783727">
				<ele>790.000000</ele>
			</trkpt>
			<trkpt lat="47.707328" lon="10.783672">
				<ele>790.000000</ele>
			</trkpt>
			<trkpt lat="47.707316" lon="10.783529">
				<ele>790.000000</ele>
			</trkpt>
			<trkpt lat="47.707243" lon="10.783125">
				<ele>790.000000</ele>
			</trkpt>
			<trkpt lat="47.706989" lon="10.782217">
				<ele>790.000000</ele>
			</trkpt>
			<trkpt lat="47.707134" lon="10.782128">
				<ele>790.000000</ele>
			</trkpt>
			<trkpt lat="47.707268" lon="10.782064">
				<ele>790.000000</ele>
			</trkpt>
			<trkpt lat="47.707394" lon="10.782064">
				<ele>790.000000</ele>
			</trkpt>
			<trkpt lat="47.707527" lon="10.782146">
				<ele>789.000000</ele>
			</trkpt>
			<trkpt lat="47.707987" lon="10.782559">
				<ele>788.000000</ele>
			</trkpt>
			<trkpt lat="47.708198" lon="10.782693">
				<ele>787.000000</ele>
			</trkpt>
			<trkpt lat="47.708379" lon="10.782757">
				<ele>787.000000</ele>
			</trkpt>
			<trkpt lat="47.708567" lon="10.782783">
				<ele>786.000000</ele>
			</trkpt>
			<trkpt lat="47.708700" lon="10.782775">
				<ele>786.000000</ele>
			</trkpt>
			<trkpt lat="47.708857" lon="10.782748">
				<ele>786.000000</ele>
			</trkpt>
			<trkpt lat="47.708936" lon="10.782757">
				<ele>786.000000</ele>
			</trkpt>
			<trkpt lat="47.709038" lon="10.782829">
				<ele>785.000000</ele>
			</trkpt>
			<trkpt lat="47.709244" lon="10.783107">
				<ele>785.000000</ele>
			</trkpt>
			<trkpt lat="47.709419" lon="10.783314">
				<ele>784.000000</ele>
			</trkpt>
			<trkpt lat="47.709582" lon="10.783152">
				<ele>784.000000</ele>
			</trkpt>
			<trkpt lat="47.709776" lon="10.782757">
				<ele>783.000000</ele>
			</trkpt>
			<trkpt lat="47.710054" lon="10.782183">
				<ele>782.000000</ele>
			</trkpt>
			<trkpt lat="47.710254" lon="10.781787">
				<ele>781.000000</ele>
			</trkpt>
			<trkpt lat="47.710502" lon="10.781427">
				<ele>780.000000</ele>
			</trkpt>
			<trkpt lat="47.710677" lon="10.781257">
				<ele>780.000000</ele>
			</trkpt>
			<trkpt lat="47.710846" lon="10.781185">
				<ele>779.000000</ele>
			</trkpt>
			<trkpt lat="47.710937" lon="10.781140">
				<ele>779.000000</ele>
			</trkpt>
			<trkpt lat="47.710991" lon="10.781059">
				<ele>779.000000</ele>
			</trkpt>
			<trkpt lat="47.711003" lon="10.780978">
				<ele>779.000000</ele>
			</trkpt>
			<trkpt lat="47.711003" lon="10.780933">
				<ele>779.000000</ele>
			</trkpt>
			<trkpt lat="47.710997" lon="10.780879">
				<ele>778.000000</ele>
			</trkpt>
			<trkpt lat="47.710901" lon="10.780691">
				<ele>778.000000</ele>
			</trkpt>
			<trkpt lat="47.710846" lon="10.780583">
				<ele>778.000000</ele>
			</trkpt>
			<trkpt lat="47.710834" lon="10.780466">
				<ele>778.000000</ele>
			</trkpt>
			<trkpt lat="47.710864" lon="10.780349">
				<ele>777.000000</ele>
			</trkpt>
			<trkpt lat="47.711003" lon="10.780223">
				<ele>777.000000</ele>
			</trkpt>
			<trkpt lat="47.711045" lon="10.780188">
				<ele>777.000000</ele>
			</trkpt>
			<trkpt lat="47.711311" lon="10.780017">
				<ele>777.000000</ele>
			</trkpt>
			<trkpt lat="47.711378" lon="10.780152">
				<ele>777.000000</ele>
			</trkpt>
			<trkpt lat="47.711475" lon="10.780269">
				<ele>777.000000</ele>
			</trkpt>
			<trkpt lat="47.711577" lon="10.780395">
				<ele>776.000000</ele>
			</trkpt>
			<trkpt lat="47.712127" lon="10.780798">
				<ele>776.000000</ele>
			</trkpt>
			<trkpt lat="47.712387" lon="10.781032">
				<ele>775.000000</ele>
			</trkpt>
			<trkpt lat="47.712617" lon="10.781175">
				<ele>775.000000</ele>
			</trkpt>
			<trkpt lat="47.712865" lon="10.781328">
				<ele>774.000000</ele>
			</trkpt>
			<trkpt lat="47.713161" lon="10.781481">
				<ele>774.000000</ele>
			</trkpt>
			<trkpt lat="47.714001" lon="10.781831">
				<ele>773.000000</ele>
			</trkpt>
			<trkpt lat="47.714430" lon="10.781975">
				<ele>772.000000</ele>
			</trkpt>
			<trkpt lat="47.715035" lon="10.782074">
				<ele>771.000000</ele>
			</trkpt>
			<trkpt lat="47.715185" lon="10.782101">
				<ele>771.000000</ele>
			</trkpt>
			<trkpt lat="47.715409" lon="10.782154">
				<ele>771.000000</ele>
			</trkpt>
			<trkpt lat="47.715530" lon="10.782209">
				<ele>771.000000</ele>
			</trkpt>
			<trkpt lat="47.715742" lon="10.782280">
				<ele>770.000000</ele>
			</trkpt>
			<trkpt lat="47.715796" lon="10.782236">
				<ele>770.000000</ele>
			</trkpt>
			<trkpt lat="47.715983" lon="10.782119">
				<ele>770.000000</ele>
			</trkpt>
			<trkpt lat="47.716020" lon="10.781957">
				<ele>770.000000</ele>
			</trkpt>
			<trkpt lat="47.716068" lon="10.781643">
				<ele>770.000000</ele>
			</trkpt>
			<trkpt lat="47.716092" lon="10.781544">
				<ele>770.000000</ele>
			</trkpt>
			<trkpt lat="47.716122" lon="10.781464">
				<ele>770.000000</ele>
			</trkpt>
			<trkpt lat="47.716189" lon="10.781382">
				<ele>770.000000</ele>
			</trkpt>
			<trkpt lat="47.716352" lon="10.781292">
				<ele>770.000000</ele>
			</trkpt>
			<trkpt lat="47.716594" lon="10.781175">
				<ele>770.000000</ele>
			</trkpt>
			<trkpt lat="47.716854" lon="10.781051">
				<ele>770.000000</ele>
			</trkpt>
			<trkpt lat="47.716932" lon="10.780933">
				<ele>770.000000</ele>
			</trkpt>
			<trkpt lat="47.716981" lon="10.780726">
				<ele>770.000000</ele>
			</trkpt>
			<trkpt lat="47.717047" lon="10.780278">
				<ele>770.000000</ele>
			</trkpt>
			<trkpt lat="47.717126" lon="10.780043">
				<ele>770.000000</ele>
			</trkpt>
			<trkpt lat="47.717174" lon="10.779900">
				<ele>770.000000</ele>
			</trkpt>
			<trkpt lat="47.717386" lon="10.779380">
				<ele>770.000000</ele>
			</trkpt>
			<trkpt lat="47.717543" lon="10.779047">
				<ele>770.000000</ele>
			</trkpt>
			<trkpt lat="47.717591" lon="10.778894">
				<ele>770.000000</ele>
			</trkpt>
			<trkpt lat="47.717628" lon="10.778697">
				<ele>766.000000</ele>
			</trkpt>
			<trkpt lat="47.717682" lon="10.778544">
				<ele>762.000000</ele>
			</trkpt>
			<trkpt lat="47.717730" lon="10.778454">
				<ele>760.000000</ele>
			</trkpt>
			<trkpt lat="47.717778" lon="10.778401">
				<ele>760.000000</ele>
			</trkpt>
			<trkpt lat="47.717845" lon="10.778382">
				<ele>760.000000</ele>
			</trkpt>
			<trkpt lat="47.717905" lon="10.778372">
				<ele>760.000000</ele>
			</trkpt>
			<trkpt lat="47.718111" lon="10.778454">
				<ele>760.000000</ele>
			</trkpt>
			<trkpt lat="47.718183" lon="10.778454">
				<ele>760.000000</ele>
			</trkpt>
			<trkpt lat="47.718244" lon="10.778427">
				<ele>760.000000</ele>
			</trkpt>
			<trkpt lat="47.718492" lon="10.777986">
				<ele>760.000000</ele>
			</trkpt>
			<trkpt lat="47.718613" lon="10.777806">
				<ele>760.000000</ele>
			</trkpt>
			<trkpt lat="47.718739" lon="10.777672">
				<ele>760.000000</ele>
			</trkpt>
			<trkpt lat="47.718842" lon="10.777600">
				<ele>760.000000</ele>
			</trkpt>
			<trkpt lat="47.718957" lon="10.777538">
				<ele>760.000000</ele>
			</trkpt>
			<trkpt lat="47.719169" lon="10.777403">
				<ele>760.000000</ele>
			</trkpt>
			<trkpt lat="47.719350" lon="10.777214">
				<ele>760.000000</ele>
			</trkpt>
			<trkpt lat="47.719471" lon="10.777043">
				<ele>760.000000</ele>
			</trkpt>
			<trkpt lat="47.719567" lon="10.776827">
				<ele>760.000000</ele>
			</trkpt>
			<trkpt lat="47.719640" lon="10.776540">
				<ele>760.000000</ele>
			</trkpt>
			<trkpt lat="47.719682" lon="10.776217">
				<ele>760.000000</ele>
			</trkpt>
			<trkpt lat="47.719706" lon="10.775722">
				<ele>760.000000</ele>
			</trkpt>
			<trkpt lat="47.719815" lon="10.774959">
				<ele>760.000000</ele>
			</trkpt>
			<trkpt lat="47.719875" lon="10.774591">
				<ele>760.000000</ele>
			</trkpt>
			<trkpt lat="47.719948" lon="10.774313">
				<ele>760.000000</ele>
			</trkpt>
			<trkpt lat="47.720105" lon="10.773917">
				<ele>760.000000</ele>
			</trkpt>
			<trkpt lat="47.720129" lon="10.773728">
				<ele>760.000000</ele>
			</trkpt>
			<trkpt lat="47.720123" lon="10.773630">
				<ele>760.000000</ele>
			</trkpt>
			<trkpt lat="47.720196" lon="10.773487">
				<ele>760.000000</ele>
			</trkpt>
			<trkpt lat="47.720286" lon="10.773307">
				<ele>760.000000</ele>
			</trkpt>
			<trkpt lat="47.720414" lon="10.773145">
				<ele>760.000000</ele>
			</trkpt>
			<trkpt lat="47.720613" lon="10.772974">
				<ele>760.000000</ele>
			</trkpt>
			<trkpt lat="47.720764" lon="10.772902">
				<ele>760.000000</ele>
			</trkpt>
			<trkpt lat="47.720849" lon="10.772875">
				<ele>760.000000</ele>
			</trkpt>
			<trkpt lat="47.721289" lon="10.772749">
				<ele>760.000000</ele>
			</trkpt>
			<trkpt lat="47.721435" lon="10.772696">
				<ele>760.000000</ele>
			</trkpt>
			<trkpt lat="47.721501" lon="10.772633">
				<ele>760.000000</ele>
			</trkpt>
			<trkpt lat="47.721616" lon="10.772535">
				<ele>760.000000</ele>
			</trkpt>
			<trkpt lat="47.721797" lon="10.772417">
				<ele>760.000000</ele>
			</trkpt>
			<trkpt lat="47.721937" lon="10.772319">
				<ele>760.000000</ele>
			</trkpt>
			<trkpt lat="47.722057" lon="10.772246">
				<ele>760.000000</ele>
			</trkpt>
			<trkpt lat="47.722166" lon="10.772238">
				<ele>760.000000</ele>
			</trkpt>
			<trkpt lat="47.722226" lon="10.772238">
				<ele>760.000000</ele>
			</trkpt>
			<trkpt lat="47.722293" lon="10.772265">
				<ele>760.000000</ele>
			</trkpt>
			<trkpt lat="47.722372" lon="10.772363">
				<ele>760.000000</ele>
			</trkpt>
			<trkpt lat="47.722468" lon="10.772462">
				<ele>760.000000</ele>
			</trkpt>
			<trkpt lat="47.722595" lon="10.772543">
				<ele>760.000000</ele>
			</trkpt>
			<trkpt lat="47.722728" lon="10.772596">
				<ele>760.000000</ele>
			</trkpt>
			<trkpt lat="47.722807" lon="10.772624">
				<ele>760.000000</ele>
			</trkpt>
			<trkpt lat="47.723024" lon="10.772722">
				<ele>760.000000</ele>
			</trkpt>
			<trkpt lat="47.723103" lon="10.772749">
				<ele>761.000000</ele>
			</trkpt>
			<trkpt lat="47.723508" lon="10.772722">
				<ele>761.000000</ele>
			</trkpt>
			<trkpt lat="47.723477" lon="10.772309">
				<ele>761.000000</ele>
			</trkpt>
			<trkpt lat="47.723484" lon="10.771906">
				<ele>762.000000</ele>
			</trkpt>
			<trkpt lat="47.723526" lon="10.771519">
				<ele>762.000000</ele>
			</trkpt>
			<trkpt lat="47.723646" lon="10.770801">
				<ele>763.000000</ele>
			</trkpt>
			<trkpt lat="47.723683" lon="10.770405">
				<ele>763.000000</ele>
			</trkpt>
			<trkpt lat="47.723671" lon="10.770019">
				<ele>763.000000</ele>
			</trkpt>
			<trkpt lat="47.723652" lon="10.769830">
				<ele>764.000000</ele>
			</trkpt>
			<trkpt lat="47.723616" lon="10.769632">
				<ele>764.000000</ele>
			</trkpt>
			<trkpt lat="47.723785" lon="10.769345">
				<ele>764.000000</ele>
			</trkpt>
			<trkpt lat="47.723985" lon="10.768967">
				<ele>764.000000</ele>
			</trkpt>
			<trkpt lat="47.724045" lon="10.768814">
				<ele>764.000000</ele>
			</trkpt>
			<trkpt lat="47.724106" lon="10.768644">
				<ele>764.000000</ele>
			</trkpt>
			<trkpt lat="47.724202" lon="10.768474">
				<ele>764.000000</ele>
			</trkpt>
			<trkpt lat="47.724257" lon="10.768393">
				<ele>764.000000</ele>
			</trkpt>
			<trkpt lat="47.724396" lon="10.768375">
				<ele>765.000000</ele>
			</trkpt>
			<trkpt lat="47.724807" lon="10.768501">
				<ele>767.000000</ele>
			</trkpt>
			<trkpt lat="47.725568" lon="10.768707">
				<ele>770.000000</ele>
			</trkpt>
			<trkpt lat="47.725901" lon="10.768770">
				<ele>772.000000</ele>
			</trkpt>
			<trkpt lat="47.726239" lon="10.768814">
				<ele>774.000000</ele>
			</trkpt>
			<trkpt lat="47.726638" lon="10.768806">
				<ele>776.000000</ele>
			</trkpt>
			<trkpt lat="47.726861" lon="10.768788">
				<ele>777.000000</ele>
			</trkpt>
			<trkpt lat="47.727043" lon="10.768761">
				<ele>778.000000</ele>
			</trkpt>
			<trkpt lat="47.727230" lon="10.768770">
				<ele>779.000000</ele>
			</trkpt>
			<trkpt lat="47.727357" lon="10.768761">
				<ele>780.000000</ele>
			</trkpt>
			<trkpt lat="47.727526" lon="10.768761">
				<ele>781.000000</ele>
			</trkpt>
			<trkpt lat="47.727635" lon="10.768797">
				<ele>782.000000</ele>
			</trkpt>
			<trkpt lat="47.727744" lon="10.768887">
				<ele>782.000000</ele>
			</trkpt>
			<trkpt lat="47.727870" lon="10.768950">
				<ele>783.000000</ele>
			</trkpt>
			<trkpt lat="47.727961" lon="10.769013">
				<ele>784.000000</ele>
			</trkpt>
			<trkpt lat="47.728088" lon="10.769130">
				<ele>785.000000</ele>
			</trkpt>
			<trkpt lat="47.728209" lon="10.769246">
				<ele>786.000000</ele>
			</trkpt>
			<trkpt lat="47.728281" lon="10.769354">
				<ele>786.000000</ele>
			</trkpt>
			<trkpt lat="47.728354" lon="10.769470">
				<ele>787.000000</ele>
			</trkpt>
			<trkpt lat="47.728432" lon="10.769659">
				<ele>788.000000</ele>
			</trkpt>
			<trkpt lat="47.728523" lon="10.769938">
				<ele>789.000000</ele>
			</trkpt>
			<trkpt lat="47.728608" lon="10.770225">
				<ele>790.000000</ele>
			</trkpt>
			<trkpt lat="47.728704" lon="10.770441">
				<ele>792.000000</ele>
			</trkpt>
			<trkpt lat="47.728934" lon="10.770890">
				<ele>795.000000</ele>
			</trkpt>
			<trkpt lat="47.729103" lon="10.771214">
				<ele>797.000000</ele>
			</trkpt>
			<trkpt lat="47.729224" lon="10.771430">
				<ele>799.000000</ele>
			</trkpt>
			<trkpt lat="47.729303" lon="10.771537">
				<ele>800.000000</ele>
			</trkpt>
			<trkpt lat="47.729393" lon="10.771644">
				<ele>800.000000</ele>
			</trkpt>
			<trkpt lat="47.729490" lon="10.771680">
				<ele>800.000000</ele>
			</trkpt>
			<trkpt lat="47.729562" lon="10.771690">
				<ele>800.000000</ele>
			</trkpt>
			<trkpt lat="47.729641" lon="10.771717">
				<ele>800.000000</ele>
			</trkpt>
			<trkpt lat="47.729720" lon="10.771761">
				<ele>800.000000</ele>
			</trkpt>
			<trkpt lat="47.729804" lon="10.771833">
				<ele>800.000000</ele>
			</trkpt>
			<trkpt lat="47.729943" lon="10.771986">
				<ele>800.000000</ele>
			</trkpt>
			<trkpt lat="47.730076" lon="10.772120">
				<ele>800.000000</ele>
			</trkpt>
			<trkpt lat="47.730251" lon="10.772256">
				<ele>800.000000</ele>
			</trkpt>
			<trkpt lat="47.730445" lon="10.772435">
				<ele>800.000000</ele>
			</trkpt>
			<trkpt lat="47.730559" lon="10.772535">
				<ele>800.000000</ele>
			</trkpt>
			<trkpt lat="47.730644" lon="10.772579">
				<ele>800.000000</ele>
			</trkpt>
			<trkpt lat="47.730741" lon="10.772624">
				<ele>800.000000</ele>
			</trkpt>
			<trkpt lat="47.730910" lon="10.772659">
				<ele>800.000000</ele>
			</trkpt>
			<trkpt lat="47.730976" lon="10.772659">
				<ele>800.000000</ele>
			</trkpt>
			<trkpt lat="47.731061" lon="10.772686">
				<ele>800.000000</ele>
			</trkpt>
			<trkpt lat="47.731218" lon="10.772759">
				<ele>800.000000</ele>
			</trkpt>
			<trkpt lat="47.731363" lon="10.772822">
				<ele>800.000000</ele>
			</trkpt>
			<trkpt lat="47.731466" lon="10.772839">
				<ele>800.000000</ele>
			</trkpt>
			<trkpt lat="47.731586" lon="10.772866">
				<ele>800.000000</ele>
			</trkpt>
			<trkpt lat="47.731659" lon="10.772839">
				<ele>800.000000</ele>
			</trkpt>
			<trkpt lat="47.731737" lon="10.772803">
				<ele>800.000000</ele>
			</trkpt>
			<trkpt lat="47.731835" lon="10.772722">
				<ele>800.000000</ele>
			</trkpt>
			<trkpt lat="47.731871" lon="10.772633">
				<ele>800.000000</ele>
			</trkpt>
			<trkpt lat="47.731907" lon="10.772552">
				<ele>800.000000</ele>
			</trkpt>
			<trkpt lat="47.731961" lon="10.772445">
				<ele>800.000000</ele>
			</trkpt>
			<trkpt lat="47.732016" lon="10.772372">
				<ele>800.000000</ele>
			</trkpt>
			<trkpt lat="47.732106" lon="10.772273">
				<ele>800.000000</ele>
			</trkpt>
			<trkpt lat="47.732227" lon="10.772193">
				<ele>800.000000</ele>
			</trkpt>
			<trkpt lat="47.732305" lon="10.772166">
				<ele>800.000000</ele>
			</trkpt>
			<trkpt lat="47.732378" lon="10.772156">
				<ele>800.000000</ele>
			</trkpt>
			<trkpt lat="47.732451" lon="10.772183">
				<ele>800.000000</ele>
			</trkpt>
			<trkpt lat="47.732535" lon="10.772229">
				<ele>799.000000</ele>
			</trkpt>
			<trkpt lat="47.732590" lon="10.772292">
				<ele>799.000000</ele>
			</trkpt>
			<trkpt lat="47.732783" lon="10.772516">
				<ele>798.000000</ele>
			</trkpt>
			<trkpt lat="47.732928" lon="10.772669">
				<ele>797.000000</ele>
			</trkpt>
			<trkpt lat="47.732983" lon="10.772714">
				<ele>797.000000</ele>
			</trkpt>
			<trkpt lat="47.733073" lon="10.772741">
				<ele>796.000000</ele>
			</trkpt>
			<trkpt lat="47.733176" lon="10.772722">
				<ele>796.000000</ele>
			</trkpt>
			<trkpt lat="47.733333" lon="10.772651">
				<ele>795.000000</ele>
			</trkpt>
			<trkpt lat="47.733732" lon="10.772606">
				<ele>793.000000</ele>
			</trkpt>
			<trkpt lat="47.733840" lon="10.772588">
				<ele>792.000000</ele>
			</trkpt>
			<trkpt lat="47.734143" lon="10.772831">
				<ele>790.000000</ele>
			</trkpt>
			<trkpt lat="47.734360" lon="10.773028">
				<ele>788.000000</ele>
			</trkpt>
			<trkpt lat="47.734541" lon="10.773172">
				<ele>788.000000</ele>
			</trkpt>
			<trkpt lat="47.734680" lon="10.773288">
				<ele>787.000000</ele>
			</trkpt>
			<trkpt lat="47.734837" lon="10.773424">
				<ele>786.000000</ele>
			</trkpt>
			<trkpt lat="47.734940" lon="10.773504">
				<ele>786.000000</ele>
			</trkpt>
			<trkpt lat="47.735000" lon="10.773621">
				<ele>785.000000</ele>
			</trkpt>
			<trkpt lat="47.735049" lon="10.773756">
				<ele>785.000000</ele>
			</trkpt>
			<trkpt lat="47.735103" lon="10.774017">
				<ele>784.000000</ele>
			</trkpt>
			<trkpt lat="47.735187" lon="10.774357">
				<ele>783.000000</ele>
			</trkpt>
			<trkpt lat="47.735272" lon="10.774646">
				<ele>782.000000</ele>
			</trkpt>
			<trkpt lat="47.735326" lon="10.774816">
				<ele>781.000000</ele>
			</trkpt>
			<trkpt lat="47.735393" lon="10.774942">
				<ele>781.000000</ele>
			</trkpt>
			<trkpt lat="47.735448" lon="10.775022">
				<ele>780.000000</ele>
			</trkpt>
			<trkpt lat="47.735550" lon="10.775122">
				<ele>780.000000</ele>
			</trkpt>
			<trkpt lat="47.735635" lon="10.775220">
				<ele>780.000000</ele>
			</trkpt>
			<trkpt lat="47.735719" lon="10.775309">
				<ele>779.000000</ele>
			</trkpt>
			<trkpt lat="47.735810" lon="10.775418">
				<ele>779.000000</ele>
			</trkpt>
			<trkpt lat="47.735967" lon="10.775598">
				<ele>778.000000</ele>
			</trkpt>
			<trkpt lat="47.736076" lon="10.775722">
				<ele>778.000000</ele>
			</trkpt>
			<trkpt lat="47.736136" lon="10.775804">
				<ele>778.000000</ele>
			</trkpt>
			<trkpt lat="47.736215" lon="10.775875">
				<ele>778.000000</ele>
			</trkpt>
			<trkpt lat="47.736287" lon="10.775894">
				<ele>777.000000</ele>
			</trkpt>
			<trkpt lat="47.736408" lon="10.775902">
				<ele>777.000000</ele>
			</trkpt>
			<trkpt lat="47.736541" lon="10.775912">
				<ele>777.000000</ele>
			</trkpt>
			<trkpt lat="47.736650" lon="10.775921">
				<ele>776.000000</ele>
			</trkpt>
			<trkpt lat="47.736698" lon="10.775921">
				<ele>776.000000</ele>
			</trkpt>
			<trkpt lat="47.736801" lon="10.775930">
				<ele>776.000000</ele>
			</trkpt>
			<trkpt lat="47.736946" lon="10.775948">
				<ele>775.000000</ele>
			</trkpt>
			<trkpt lat="47.737000" lon="10.775948">
				<ele>775.000000</ele>
			</trkpt>
			<trkpt lat="47.737096" lon="10.775957">
				<ele>775.000000</ele>
			</trkpt>
			<trkpt lat="47.737175" lon="10.775965">
				<ele>775.000000</ele>
			</trkpt>
			<trkpt lat="47.737320" lon="10.775975">
				<ele>774.000000</ele>
			</trkpt>
			<trkpt lat="47.737405" lon="10.775984">
				<ele>774.000000</ele>
			</trkpt>
			<trkpt lat="47.737520" lon="10.776028">
				<ele>774.000000</ele>
			</trkpt>
			<trkpt lat="47.737676" lon="10.776101">
				<ele>773.000000</ele>
			</trkpt>
			<trkpt lat="47.737834" lon="10.776199">
				<ele>773.000000</ele>
			</trkpt>
			<trkpt lat="47.738009" lon="10.776298">
				<ele>772.000000</ele>
			</trkpt>
			<trkpt lat="47.738190" lon="10.776441">
				<ele>772.000000</ele>
			</trkpt>
			<trkpt lat="47.738347" lon="10.776567">
				<ele>771.000000</ele>
			</trkpt>
			<trkpt lat="47.738317" lon="10.776667">
				<ele>771.000000</ele>
			</trkpt>
			<trkpt lat="47.738220" lon="10.776980">
				<ele>771.000000</ele>
			</trkpt>
			<trkpt lat="47.738196" lon="10.777070">
				<ele>771.000000</ele>
			</trkpt>
			<trkpt lat="47.738142" lon="10.777296">
				<ele>771.000000</ele>
			</trkpt>
			<trkpt lat="47.737967" lon="10.777896">
				<ele>770.000000</ele>
			</trkpt>
			<trkpt lat="47.737931" lon="10.778041">
				<ele>770.000000</ele>
			</trkpt>
			<trkpt lat="47.738033" lon="10.778049">
				<ele>770.000000</ele>
			</trkpt>
			<trkpt lat="47.738124" lon="10.778059">
				<ele>770.000000</ele>
			</trkpt>
			<trkpt lat="47.738311" lon="10.778076">
				<ele>770.000000</ele>
			</trkpt>
			<trkpt lat="47.738359" lon="10.778076">
				<ele>770.000000</ele>
			</trkpt>
			<trkpt lat="47.738613" lon="10.778085">
				<ele>770.000000</ele>
			</trkpt>
			<trkpt lat="47.738710" lon="10.778095">
				<ele>770.000000</ele>
			</trkpt>
			<trkpt lat="47.738806" lon="10.778095">
				<ele>770.000000</ele>
			</trkpt>
			<trkpt lat="47.738927" lon="10.778104">
				<ele>770.000000</ele>
			</trkpt>
			<trkpt lat="47.738981" lon="10.778122">
				<ele>770.000000</ele>
			</trkpt>
			<trkpt lat="47.739097" lon="10.778166">
				<ele>770.000000</ele>
			</trkpt>
			<trkpt lat="47.739205" lon="10.778238">
				<ele>770.000000</ele>
			</trkpt>
			<trkpt lat="47.739278" lon="10.778301">
				<ele>770.000000</ele>
			</trkpt>
			<trkpt lat="47.739410" lon="10.778427">
				<ele>770.000000</ele>
			</trkpt>
			<trkpt lat="47.739598" lon="10.778625">
				<ele>770.000000</ele>
			</trkpt>
			<trkpt lat="47.739724" lon="10.778759">
				<ele>770.000000</ele>
			</trkpt>
			<trkpt lat="47.739779" lon="10.778804">
				<ele>770.000000</ele>
			</trkpt>
			<trkpt lat="47.739936" lon="10.778930">
				<ele>770.000000</ele>
			</trkpt>
			<trkpt lat="47.740075" lon="10.779028">
				<ele>770.000000</ele>
			</trkpt>
			<trkpt lat="47.740172" lon="10.779101">
				<ele>770.000000</ele>
			</trkpt>
			<trkpt lat="47.740334" lon="10.779200">
				<ele>770.000000</ele>
			</trkpt>
			<trkpt lat="47.740456" lon="10.779280">
				<ele>770.000000</ele>
			</trkpt>
			<trkpt lat="47.740546" lon="10.779325">
				<ele>770.000000</ele>
			</trkpt>
			<trkpt lat="47.740607" lon="10.779361">
				<ele>770.000000</ele>
			</trkpt>
			<trkpt lat="47.740691" lon="10.779406">
				<ele>770.000000</ele>
			</trkpt>
			<trkpt lat="47.740758" lon="10.779443">
				<ele>770.000000</ele>
			</trkpt>
			<trkpt lat="47.741120" lon="10.779649">
				<ele>770.000000</ele>
			</trkpt>
			<trkpt lat="47.741145" lon="10.779667">
				<ele>770.000000</ele>
			</trkpt>
			<trkpt lat="47.741205" lon="10.779703">
				<ele>770.000000</ele>
			</trkpt>
			<trkpt lat="47.741380" lon="10.779801">
				<ele>770.000000</ele>
			</trkpt>
			<trkpt lat="47.741464" lon="10.779856">
				<ele>770.000000</ele>
			</trkpt>
			<trkpt lat="47.741833" lon="10.780089">
				<ele>770.000000</ele>
			</trkpt>
			<trkpt lat="47.741930" lon="10.780152">
				<ele>770.000000</ele>
			</trkpt>
			<trkpt lat="47.742050" lon="10.780259">
				<ele>770.000000</ele>
			</trkpt>
			<trkpt lat="47.742099" lon="10.780305">
				<ele>770.000000</ele>
			</trkpt>
			<trkpt lat="47.742225" lon="10.780448">
				<ele>770.000000</ele>
			</trkpt>
			<trkpt lat="47.742262" lon="10.780493">
				<ele>770.000000</ele>
			</trkpt>
			<trkpt lat="47.742413" lon="10.780672">
				<ele>770.000000</ele>
			</trkpt>
			<trkpt lat="47.742600" lon="10.780978">
				<ele>770.000000</ele>
			</trkpt>
			<trkpt lat="47.742643" lon="10.781068">
				<ele>770.000000</ele>
			</trkpt>
			<trkpt lat="47.742697" lon="10.781149">
				<ele>770.000000</ele>
			</trkpt>
			<trkpt lat="47.742715" lon="10.781185">
				<ele>770.000000</ele>
			</trkpt>
			<trkpt lat="47.742842" lon="10.781437">
				<ele>770.000000</ele>
			</trkpt>
			<trkpt lat="47.742890" lon="10.781544">
				<ele>770.000000</ele>
			</trkpt>
			<trkpt lat="47.742878" lon="10.781661">
				<ele>770.000000</ele>
			</trkpt>
			<trkpt lat="47.742932" lon="10.781814">
				<ele>770.000000</ele>
			</trkpt>
			<trkpt lat="47.743229" lon="10.782550">
				<ele>770.000000</ele>
			</trkpt>
			<trkpt lat="47.743488" lon="10.783196">
				<ele>770.000000</ele>
			</trkpt>
			<trkpt lat="47.743790" lon="10.783942">
				<ele>770.000000</ele>
			</trkpt>
			<trkpt lat="47.744074" lon="10.784653">
				<ele>770.000000</ele>
			</trkpt>
			<trkpt lat="47.744460" lon="10.785596">
				<ele>770.000000</ele>
			</trkpt>
			<trkpt lat="47.744546" lon="10.785749">
				<ele>770.000000</ele>
			</trkpt>
			<trkpt lat="47.744914" lon="10.786233">
				<ele>770.000000</ele>
			</trkpt>
			<trkpt lat="47.745488" lon="10.786961">
				<ele>770.000000</ele>
			</trkpt>
			<trkpt lat="47.746140" lon="10.787806">
				<ele>770.000000</ele>
			</trkpt>
			<trkpt lat="47.746400" lon="10.788129">
				<ele>770.000000</ele>
			</trkpt>
			<trkpt lat="47.746593" lon="10.788372">
				<ele>770.000000</ele>
			</trkpt>
			<trkpt lat="47.746683" lon="10.788443">
				<ele>770.000000</ele>
			</trkpt>
			<trkpt lat="47.746799" lon="10.788506">
				<ele>770.000000</ele>
			</trkpt>
			<trkpt lat="47.747300" lon="10.788704">
				<ele>770.000000</ele>
			</trkpt>
			<trkpt lat="47.747456" lon="10.788704">
				<ele>770.000000</ele>
			</trkpt>
			<trkpt lat="47.747566" lon="10.788704">
				<ele>770.000000</ele>
			</trkpt>
			<trkpt lat="47.747958" lon="10.788775">
				<ele>770.000000</ele>
			</trkpt>
			<trkpt lat="47.748042" lon="10.788785">
				<ele>770.000000</ele>
			</trkpt>
			<trkpt lat="47.748127" lon="10.788812">
				<ele>770.000000</ele>
			</trkpt>
			<trkpt lat="47.748526" lon="10.788919">
				<ele>770.000000</ele>
			</trkpt>
			<trkpt lat="47.748532" lon="10.788875">
				<ele>770.000000</ele>
			</trkpt>
			<trkpt lat="47.748556" lon="10.788614">
				<ele>770.000000</ele>
			</trkpt>
			<trkpt lat="47.748779" lon="10.788632">
				<ele>770.000000</ele>
			</trkpt>
			<trkpt lat="47.748804" lon="10.788712">
				<ele>770.000000</ele>
			</trkpt>
			<trkpt lat="47.748828" lon="10.788812">
				<ele>770.000000</ele>
			</trkpt>
			<trkpt lat="47.748991" lon="10.788964">
				<ele>770.000000</ele>
			</trkpt>
			<trkpt lat="47.749106" lon="10.789135">
				<ele>770.000000</ele>
			</trkpt>
			<trkpt lat="47.749178" lon="10.789305">
				<ele>770.000000</ele>
			</trkpt>
			<trkpt lat="47.749281" lon="10.789538">
				<ele>770.000000</ele>
			</trkpt>
			<trkpt lat="47.749390" lon="10.789800">
				<ele>770.000000</ele>
			</trkpt>
			<trkpt lat="47.749595" lon="10.790383">
				<ele>770.000000</ele>
			</trkpt>
			<trkpt lat="47.749782" lon="10.790779">
				<ele>770.000000</ele>
			</trkpt>
			<trkpt lat="47.749946" lon="10.791039">
				<ele>770.000000</ele>
			</trkpt>
			<trkpt lat="47.750102" lon="10.791236">
				<ele>770.000000</ele>
			</trkpt>
			<trkpt lat="47.750241" lon="10.791362">
				<ele>770.000000</ele>
			</trkpt>
			<trkpt lat="47.750543" lon="10.791605">
				<ele>770.000000</ele>
			</trkpt>
			<trkpt lat="47.750912" lon="10.791848">
				<ele>771.000000</ele>
			</trkpt>
			<trkpt lat="47.750888" lon="10.791920">
				<ele>776.000000</ele>
			</trkpt>
			<trkpt lat="47.750876" lon="10.791955">
				<ele>776.000000</ele>
			</trkpt>
			<trkpt lat="47.751201" lon="10.792217">
				<ele>778.000000</ele>
			</trkpt>
			<trkpt lat="47.751364" lon="10.792378">
				<ele>780.000000</ele>
			</trkpt>
			<trkpt lat="47.751274" lon="10.792530">
				<ele>780.000000</ele>
			</trkpt>
			<trkpt lat="47.751226" lon="10.792584">
				<ele>781.000000</ele>
			</trkpt>
			<trkpt lat="47.751153" lon="10.792630">
				<ele>781.000000</ele>
			</trkpt>
			<trkpt lat="47.750948" lon="10.792720">
				<ele>783.000000</ele>
			</trkpt>
			<trkpt lat="47.750906" lon="10.792754">
				<ele>783.000000</ele>
			</trkpt>
			<trkpt lat="47.750827" lon="10.792836">
				<ele>784.000000</ele>
			</trkpt>
			<trkpt lat="47.750332" lon="10.793528">
				<ele>789.000000</ele>
			</trkpt>
			<trkpt lat="47.750253" lon="10.793653">
				<ele>790.000000</ele>
			</trkpt>
			<trkpt lat="47.750187" lon="10.793806">
				<ele>790.000000</ele>
			</trkpt>
			<trkpt lat="47.750145" lon="10.793941">
				<ele>790.000000</ele>
			</trkpt>
			<trkpt lat="47.750096" lon="10.794211">
				<ele>790.000000</ele>
			</trkpt>
			<trkpt lat="47.750078" lon="10.794425">
				<ele>790.000000</ele>
			</trkpt>
			<trkpt lat="47.750072" lon="10.794668">
				<ele>790.000000</ele>
			</trkpt>
			<trkpt lat="47.750054" lon="10.794965">
				<ele>790.000000</ele>
			</trkpt>
			<trkpt lat="47.750012" lon="10.795244">
				<ele>790.000000</ele>
			</trkpt>
			<trkpt lat="47.749964" lon="10.795441">
				<ele>790.000000</ele>
			</trkpt>
			<trkpt lat="47.749879" lon="10.795683">
				<ele>790.000000</ele>
			</trkpt>
			<trkpt lat="47.749758" lon="10.796043">
				<ele>788.000000</ele>
			</trkpt>
			<trkpt lat="47.749691" lon="10.796232">
				<ele>787.000000</ele>
			</trkpt>
			<trkpt lat="47.749649" lon="10.796295">
				<ele>786.000000</ele>
			</trkpt>
			<trkpt lat="47.749619" lon="10.796339">
				<ele>786.000000</ele>
			</trkpt>
			<trkpt lat="47.749498" lon="10.796456">
				<ele>785.000000</ele>
			</trkpt>
			<trkpt lat="47.749281" lon="10.796599">
				<ele>783.000000</ele>
			</trkpt>
			<trkpt lat="47.749142" lon="10.796699">
				<ele>782.000000</ele>
			</trkpt>
			<trkpt lat="47.749082" lon="10.796788">
				<ele>782.000000</ele>
			</trkpt>
			<trkpt lat="47.749052" lon="10.796915">
				<ele>781.000000</ele>
			</trkpt>
			<trkpt lat="47.749039" lon="10.797165">
				<ele>780.000000</ele>
			</trkpt>
			<trkpt lat="47.749045" lon="10.797454">
				<ele>779.000000</ele>
			</trkpt>
			<trkpt lat="47.749045" lon="10.797525">
				<ele>779.000000</ele>
			</trkpt>
			<trkpt lat="47.749058" lon="10.798054">
				<ele>777.000000</ele>
			</trkpt>
			<trkpt lat="47.749027" lon="10.798333">
				<ele>776.000000</ele>
			</trkpt>
			<trkpt lat="47.748991" lon="10.798549">
				<ele>775.000000</ele>
			</trkpt>
			<trkpt lat="47.748979" lon="10.798710">
				<ele>774.000000</ele>
			</trkpt>
			<trkpt lat="47.748991" lon="10.798882">
				<ele>774.000000</ele>
			</trkpt>
			<trkpt lat="47.749045" lon="10.799169">
				<ele>773.000000</ele>
			</trkpt>
			<trkpt lat="47.749118" lon="10.799484">
				<ele>772.000000</ele>
			</trkpt>
			<trkpt lat="47.749263" lon="10.799941">
				<ele>770.000000</ele>
			</trkpt>
			<trkpt lat="47.749474" lon="10.800463">
				<ele>768.000000</ele>
			</trkpt>
			<trkpt lat="47.749541" lon="10.800643">
				<ele>768.000000</ele>
			</trkpt>
			<trkpt lat="47.749571" lon="10.800794">
				<ele>767.000000</ele>
			</trkpt>
			<trkpt lat="47.749685" lon="10.800831">
				<ele>767.000000</ele>
			</trkpt>
			<trkpt lat="47.749770" lon="10.800849">
				<ele>767.000000</ele>
			</trkpt>
			<trkpt lat="47.749903" lon="10.800903">
				<ele>766.000000</ele>
			</trkpt>
			<trkpt lat="47.750048" lon="10.801002">
				<ele>765.000000</ele>
			</trkpt>
			<trkpt lat="47.750277" lon="10.801217">
				<ele>764.000000</ele>
			</trkpt>
			<trkpt lat="47.750531" lon="10.801450">
				<ele>763.000000</ele>
			</trkpt>
			<trkpt lat="47.750785" lon="10.801666">
				<ele>762.000000</ele>
			</trkpt>
			<trkpt lat="47.751069" lon="10.801882">
				<ele>761.000000</ele>
			</trkpt>
			<trkpt lat="47.751364" lon="10.802098">
				<ele>760.000000</ele>
			</trkpt>
			<trkpt lat="47.751582" lon="10.802232">
				<ele>760.000000</ele>
			</trkpt>
			<trkpt lat="47.751860" lon="10.802412">
				<ele>759.000000</ele>
			</trkpt>
			<trkpt lat="47.752029" lon="10.802547">
				<ele>759.000000</ele>
			</trkpt>
			<trkpt lat="47.752252" lon="10.802798">
				<ele>759.000000</ele>
			</trkpt>
			<trkpt lat="47.752796" lon="10.803266">
				<ele>758.000000</ele>
			</trkpt>
			<trkpt lat="47.753013" lon="10.803436">
				<ele>758.000000</ele>
			</trkpt>
			<trkpt lat="47.753176" lon="10.803544">
				<ele>758.000000</ele>
			</trkpt>
			<trkpt lat="47.753213" lon="10.803570">
				<ele>758.000000</ele>
			</trkpt>
			<trkpt lat="47.753352" lon="10.803687">
				<ele>758.000000</ele>
			</trkpt>
			<trkpt lat="47.753642" lon="10.803957">
				<ele>757.000000</ele>
			</trkpt>
			<trkpt lat="47.753853" lon="10.804100">
				<ele>757.000000</ele>
			</trkpt>
			<trkpt lat="47.754070" lon="10.804236">
				<ele>757.000000</ele>
			</trkpt>
			<trkpt lat="47.754210" lon="10.804362">
				<ele>757.000000</ele>
			</trkpt>
			<trkpt lat="47.754475" lon="10.804649">
				<ele>756.000000</ele>
			</trkpt>
			<trkpt lat="47.754644" lon="10.804792">
				<ele>756.000000</ele>
			</trkpt>
			<trkpt lat="47.754765" lon="10.804874">
				<ele>756.000000</ele>
			</trkpt>
			<trkpt lat="47.754940" lon="10.804928">
				<ele>756.000000</ele>
			</trkpt>
			<trkpt lat="47.755085" lon="10.805026">
				<ele>756.000000</ele>
			</trkpt>
			<trkpt lat="47.755200" lon="10.805125">
				<ele>756.000000</ele>
			</trkpt>
			<trkpt lat="47.755393" lon="10.805314">
				<ele>755.000000</ele>
			</trkpt>
			<trkpt lat="47.755604" lon="10.805557">
				<ele>755.000000</ele>
			</trkpt>
			<trkpt lat="47.755870" lon="10.805781">
				<ele>755.000000</ele>
			</trkpt>
			<trkpt lat="47.756160" lon="10.806014">
				<ele>754.000000</ele>
			</trkpt>
			<trkpt lat="47.756450" lon="10.806266">
				<ele>754.000000</ele>
			</trkpt>
			<trkpt lat="47.756848" lon="10.806599">
				<ele>754.000000</ele>
			</trkpt>
			<trkpt lat="47.757102" lon="10.806886">
				<ele>753.000000</ele>
			</trkpt>
			<trkpt lat="47.757694" lon="10.807442">
				<ele>753.000000</ele>
			</trkpt>
			<trkpt lat="47.758419" lon="10.808125">
				<ele>752.000000</ele>
			</trkpt>
			<trkpt lat="47.758449" lon="10.808152">
				<ele>752.000000</ele>
			</trkpt>
			<trkpt lat="47.759337" lon="10.808979">
				<ele>751.000000</ele>
			</trkpt>
			<trkpt lat="47.759650" lon="10.809463">
				<ele>750.000000</ele>
			</trkpt>
			<trkpt lat="47.760019" lon="10.809769">
				<ele>750.000000</ele>
			</trkpt>
			<trkpt lat="47.760315" lon="10.810021">
				<ele>750.000000</ele>
			</trkpt>
			<trkpt lat="47.760520" lon="10.810138">
				<ele>750.000000</ele>
			</trkpt>
			<trkpt lat="47.760786" lon="10.810236">
				<ele>750.000000</ele>
			</trkpt>
			<trkpt lat="47.761016" lon="10.810352">
				<ele>750.000000</ele>
			</trkpt>
			<trkpt lat="47.761299" lon="10.810560">
				<ele>750.000000</ele>
			</trkpt>
			<trkpt lat="47.761571" lon="10.810721">
				<ele>750.000000</ele>
			</trkpt>
			<trkpt lat="47.761806" lon="10.810964">
				<ele>750.000000</ele>
			</trkpt>
			<trkpt lat="47.762091" lon="10.811251">
				<ele>750.000000</ele>
			</trkpt>
			<trkpt lat="47.762386" lon="10.811610">
				<ele>750.000000</ele>
			</trkpt>
			<trkpt lat="47.762670" lon="10.811916">
				<ele>750.000000</ele>
			</trkpt>
			<trkpt lat="47.762791" lon="10.812015">
				<ele>750.000000</ele>
			</trkpt>
			<trkpt lat="47.763123" lon="10.812078">
				<ele>750.000000</ele>
			</trkpt>
			<trkpt lat="47.763540" lon="10.812168">
				<ele>750.000000</ele>
			</trkpt>
			<trkpt lat="47.764862" lon="10.812186">
				<ele>750.000000</ele>
			</trkpt>
			<trkpt lat="47.765375" lon="10.812375">
				<ele>750.000000</ele>
			</trkpt>
			<trkpt lat="47.765792" lon="10.813012">
				<ele>750.000000</ele>
			</trkpt>
			<trkpt lat="47.765822" lon="10.813065">
				<ele>750.000000</ele>
			</trkpt>
			<trkpt lat="47.766136" lon="10.813335">
				<ele>750.000000</ele>
			</trkpt>
			<trkpt lat="47.766552" lon="10.813568">
				<ele>750.000000</ele>
			</trkpt>
			<trkpt lat="47.766752" lon="10.813757">
				<ele>750.000000</ele>
			</trkpt>
			<trkpt lat="47.766854" lon="10.813866">
				<ele>750.000000</ele>
			</trkpt>
			<trkpt lat="47.766994" lon="10.814036">
				<ele>750.000000</ele>
			</trkpt>
			<trkpt lat="47.767295" lon="10.814530">
				<ele>750.000000</ele>
			</trkpt>
			<trkpt lat="47.767651" lon="10.815105">
				<ele>750.000000</ele>
			</trkpt>
			<trkpt lat="47.767947" lon="10.815752">
				<ele>750.000000</ele>
			</trkpt>
			<trkpt lat="47.768219" lon="10.816587">
				<ele>749.000000</ele>
			</trkpt>
			<trkpt lat="47.768431" lon="10.817090">
				<ele>748.000000</ele>
			</trkpt>
			<trkpt lat="47.768545" lon="10.817306">
				<ele>748.000000</ele>
			</trkpt>
			<trkpt lat="47.768672" lon="10.817495">
				<ele>748.000000</ele>
			</trkpt>
			<trkpt lat="47.768799" lon="10.817593">
				<ele>747.000000</ele>
			</trkpt>
			<trkpt lat="47.768962" lon="10.817719">
				<ele>747.000000</ele>
			</trkpt>
			<trkpt lat="47.769082" lon="10.817818">
				<ele>747.000000</ele>
			</trkpt>
			<trkpt lat="47.769185" lon="10.817872">
				<ele>747.000000</ele>
			</trkpt>
			<trkpt lat="47.769324" lon="10.817916">
				<ele>746.000000</ele>
			</trkpt>
			<trkpt lat="47.769432" lon="10.817916">
				<ele>746.000000</ele>
			</trkpt>
			<trkpt lat="47.769523" lon="10.817926">
				<ele>746.000000</ele>
			</trkpt>
			<trkpt lat="47.769613" lon="10.817944">
				<ele>746.000000</ele>
			</trkpt>
			<trkpt lat="47.769740" lon="10.818006">
				<ele>746.000000</ele>
			</trkpt>
			<trkpt lat="47.769994" lon="10.818168">
				<ele>745.000000</ele>
			</trkpt>
			<trkpt lat="47.770127" lon="10.818241">
				<ele>745.000000</ele>
			</trkpt>
			<trkpt lat="47.770272" lon="10.818276">
				<ele>745.000000</ele>
			</trkpt>
			<trkpt lat="47.770610" lon="10.818304">
				<ele>744.000000</ele>
			</trkpt>
			<trkpt lat="47.770773" lon="10.818312">
				<ele>744.000000</ele>
			</trkpt>
			<trkpt lat="47.770924" lon="10.818339">
				<ele>744.000000</ele>
			</trkpt>
			<trkpt lat="47.771171" lon="10.818420">
				<ele>743.000000</ele>
			</trkpt>
			<trkpt lat="47.771480" lon="10.818564">
				<ele>743.000000</ele>
			</trkpt>
			<trkpt lat="47.771999" lon="10.818860">
				<ele>742.000000</ele>
			</trkpt>
			<trkpt lat="47.772137" lon="10.818923">
				<ele>742.000000</ele>
			</trkpt>
			<trkpt lat="47.772626" lon="10.819040">
				<ele>741.000000</ele>
			</trkpt>
			<trkpt lat="47.773098" lon="10.819067">
				<ele>740.000000</ele>
			</trkpt>
			<trkpt lat="47.773882" lon="10.818572">
				<ele>740.000000</ele>
			</trkpt>
			<trkpt lat="47.774093" lon="10.818455">
				<ele>740.000000</ele>
			</trkpt>
			<trkpt lat="47.774287" lon="10.818402">
				<ele>741.000000</ele>
			</trkpt>
			<trkpt lat="47.774927" lon="10.818411">
				<ele>744.000000</ele>
			</trkpt>
			<trkpt lat="47.775301" lon="10.818392">
				<ele>745.000000</ele>
			</trkpt>
			<trkpt lat="47.775428" lon="10.818366">
				<ele>746.000000</ele>
			</trkpt>
			<trkpt lat="47.775591" lon="10.818276">
				<ele>746.000000</ele>
			</trkpt>
			<trkpt lat="47.775657" lon="10.818339">
				<ele>746.000000</ele>
			</trkpt>
			<trkpt lat="47.775802" lon="10.818392">
				<ele>746.000000</ele>
			</trkpt>
			<trkpt lat="47.775983" lon="10.818420">
				<ele>746.000000</ele>
			</trkpt>
			<trkpt lat="47.776074" lon="10.818447">
				<ele>746.000000</ele>
			</trkpt>
			<trkpt lat="47.776140" lon="10.818510">
				<ele>746.000000</ele>
			</trkpt>
			<trkpt lat="47.776243" lon="10.818627">
				<ele>746.000000</ele>
			</trkpt>
			<trkpt lat="47.776303" lon="10.818717">
				<ele>746.000000</ele>
			</trkpt>
			<trkpt lat="47.776363" lon="10.818824">
				<ele>746.000000</ele>
			</trkpt>
			<trkpt lat="47.776466" lon="10.818950">
				<ele>746.000000</ele>
			</trkpt>
			<trkpt lat="47.776526" lon="10.819021">
				<ele>746.000000</ele>
			</trkpt>
			<trkpt lat="47.776689" lon="10.819130">
				<ele>746.000000</ele>
			</trkpt>
			<trkpt lat="47.776865" lon="10.819210">
				<ele>746.000000</ele>
			</trkpt>
			<trkpt lat="47.776955" lon="10.819283">
				<ele>746.000000</ele>
			</trkpt>
			<trkpt lat="47.776992" lon="10.819579">
				<ele>746.000000</ele>
			</trkpt>
			<trkpt lat="47.776986" lon="10.819614">
				<ele>746.000000</ele>
			</trkpt>
			<trkpt lat="47.776817" lon="10.820298">
				<ele>745.000000</ele>
			</trkpt>
			<trkpt lat="47.776829" lon="10.820325">
				<ele>745.000000</ele>
			</trkpt>
			<trkpt lat="47.776859" lon="10.820369">
				<ele>745.000000</ele>
			</trkpt>
			<trkpt lat="47.776871" lon="10.820405">
				<ele>745.000000</ele>
			</trkpt>
			<trkpt lat="47.776871" lon="10.820432">
				<ele>745.000000</ele>
			</trkpt>
			<trkpt lat="47.776804" lon="10.820711">
				<ele>744.000000</ele>
			</trkpt>
			<trkpt lat="47.776768" lon="10.820845">
				<ele>744.000000</ele>
			</trkpt>
			<trkpt lat="47.776743" lon="10.821016">
				<ele>744.000000</ele>
			</trkpt>
			<trkpt lat="47.776532" lon="10.821968">
				<ele>742.000000</ele>
			</trkpt>
			<trkpt lat="47.776460" lon="10.822273">
				<ele>741.000000</ele>
			</trkpt>
			<trkpt lat="47.776412" lon="10.822426">
				<ele>741.000000</ele>
			</trkpt>
			<trkpt lat="47.776345" lon="10.822696">
				<ele>741.000000</ele>
			</trkpt>
			<trkpt lat="47.776315" lon="10.822992">
				<ele>740.000000</ele>
			</trkpt>
			<trkpt lat="47.776333" lon="10.824115">
				<ele>741.000000</ele>
			</trkpt>
			<trkpt lat="47.776327" lon="10.824223">
				<ele>741.000000</ele>
			</trkpt>
			<trkpt lat="47.776303" lon="10.824384">
				<ele>741.000000</ele>
			</trkpt>
			<trkpt lat="47.776279" lon="10.824797">
				<ele>742.000000</ele>
			</trkpt>
			<trkpt lat="47.776285" lon="10.824969">
				<ele>743.000000</ele>
			</trkpt>
			<trkpt lat="47.776363" lon="10.825939">
				<ele>746.000000</ele>
			</trkpt>
			<trkpt lat="47.776399" lon="10.826325">
				<ele>747.000000</ele>
			</trkpt>
			<trkpt lat="47.776454" lon="10.826873">
				<ele>748.000000</ele>
			</trkpt>
			<trkpt lat="47.776514" lon="10.827367">
				<ele>750.000000</ele>
			</trkpt>
			<trkpt lat="47.776532" lon="10.827862">
				<ele>750.000000</ele>
			</trkpt>
			<trkpt lat="47.776532" lon="10.828076">
				<ele>751.000000</ele>
			</trkpt>
			<trkpt lat="47.776532" lon="10.828365">
				<ele>751.000000</ele>
			</trkpt>
			<trkpt lat="47.776490" lon="10.828948">
				<ele>751.000000</ele>
			</trkpt>
			<trkpt lat="47.776478" lon="10.829667">
				<ele>752.000000</ele>
			</trkpt>
			<trkpt lat="47.776472" lon="10.830422">
				<ele>753.000000</ele>
			</trkpt>
			<trkpt lat="47.776466" lon="10.830969">
				<ele>753.000000</ele>
			</trkpt>
			<trkpt lat="47.776460" lon="10.831581">
				<ele>754.000000</ele>
			</trkpt>
			<trkpt lat="47.776448" lon="10.832155">
				<ele>755.000000</ele>
			</trkpt>
			<trkpt lat="47.776448" lon="10.832326">
				<ele>755.000000</ele>
			</trkpt>
			<trkpt lat="47.776454" lon="10.832874">
				<ele>755.000000</ele>
			</trkpt>
			<trkpt lat="47.776454" lon="10.833638">
				<ele>756.000000</ele>
			</trkpt>
			<trkpt lat="47.776460" lon="10.834059">
				<ele>756.000000</ele>
			</trkpt>
			<trkpt lat="47.776466" lon="10.834204">
				<ele>757.000000</ele>
			</trkpt>
			<trkpt lat="47.776508" lon="10.834356">
				<ele>757.000000</ele>
			</trkpt>
			<trkpt lat="47.776544" lon="10.834491">
				<ele>757.000000</ele>
			</trkpt>
			<trkpt lat="47.776617" lon="10.834761">
				<ele>757.000000</ele>
			</trkpt>
			<trkpt lat="47.776701" lon="10.834984">
				<ele>757.000000</ele>
			</trkpt>
			<trkpt lat="47.776835" lon="10.835389">
				<ele>757.000000</ele>
			</trkpt>
			<trkpt lat="47.776937" lon="10.835650">
				<ele>758.000000</ele>
			</trkpt>
			<trkpt lat="47.777130" lon="10.836179">
				<ele>758.000000</ele>
			</trkpt>
			<trkpt lat="47.777275" lon="10.836638">
				<ele>758.000000</ele>
			</trkpt>
			<trkpt lat="47.777384" lon="10.836925">
				<ele>759.000000</ele>
			</trkpt>
			<trkpt lat="47.777529" lon="10.837374">
				<ele>759.000000</ele>
			</trkpt>
			<trkpt lat="47.777637" lon="10.837707">
				<ele>759.000000</ele>
			</trkpt>
			<trkpt lat="47.777794" lon="10.838200">
				<ele>759.000000</ele>
			</trkpt>
			<trkpt lat="47.777891" lon="10.838489">
				<ele>760.000000</ele>
			</trkpt>
			<trkpt lat="47.777945" lon="10.838722">
				<ele>760.000000</ele>
			</trkpt>
			<trkpt lat="47.777993" lon="10.838965">
				<ele>760.000000</ele>
			</trkpt>
			<trkpt lat="47.778078" lon="10.839324">
				<ele>760.000000</ele>
			</trkpt>
			<trkpt lat="47.778150" lon="10.839558">
				<ele>760.000000</ele>
			</trkpt>
			<trkpt lat="47.778337" lon="10.840141">
				<ele>760.000000</ele>
			</trkpt>
			<trkpt lat="47.778500" lon="10.840734">
				<ele>760.000000</ele>
			</trkpt>
			<trkpt lat="47.778561" lon="10.840923">
				<ele>760.000000</ele>
			</trkpt>
			<trkpt lat="47.778675" lon="10.841147">
				<ele>760.000000</ele>
			</trkpt>
			<trkpt lat="47.778808" lon="10.841435">
				<ele>760.000000</ele>
			</trkpt>
			<trkpt lat="47.778935" lon="10.841722">
				<ele>760.000000</ele>
			</trkpt>
			<trkpt lat="47.778995" lon="10.841848">
				<ele>760.000000</ele>
			</trkpt>
			<trkpt lat="47.779092" lon="10.842055">
				<ele>759.000000</ele>
			</trkpt>
			<trkpt lat="47.779201" lon="10.842279">
				<ele>759.000000</ele>
			</trkpt>
			<trkpt lat="47.779346" lon="10.842548">
				<ele>758.000000</ele>
			</trkpt>
			<trkpt lat="47.779473" lon="10.842728">
				<ele>757.000000</ele>
			</trkpt>
			<trkpt lat="47.779605" lon="10.842927">
				<ele>757.000000</ele>
			</trkpt>
			<trkpt lat="47.779762" lon="10.843087">
				<ele>756.000000</ele>
			</trkpt>
			<trkpt lat="47.779835" lon="10.843187">
				<ele>756.000000</ele>
			</trkpt>
			<trkpt lat="47.779967" lon="10.843357">
				<ele>755.000000</ele>
			</trkpt>
			<trkpt lat="47.780106" lon="10.843555">
				<ele>755.000000</ele>
			</trkpt>
			<trkpt lat="47.780330" lon="10.843860">
				<ele>754.000000</ele>
			</trkpt>
			<trkpt lat="47.780468" lon="10.844058">
				<ele>753.000000</ele>
			</trkpt>
			<trkpt lat="47.780607" lon="10.844265">
				<ele>752.000000</ele>
			</trkpt>
			<trkpt lat="47.780698" lon="10.844453">
				<ele>752.000000</ele>
			</trkpt>
			<trkpt lat="47.780782" lon="10.844642">
				<ele>751.000000</ele>
			</trkpt>
			<trkpt lat="47.780909" lon="10.845001">
				<ele>751.000000</ele>
			</trkpt>
			<trkpt lat="47.780981" lon="10.845252">
				<ele>750.000000</ele>
			</trkpt>
			<trkpt lat="47.781060" lon="10.845558">
				<ele>750.000000</ele>
			</trkpt>
			<trkpt lat="47.781114" lon="10.845737">
				<ele>750.000000</ele>
			</trkpt>
			<trkpt lat="47.781193" lon="10.845990">
				<ele>750.000000</ele>
			</trkpt>
			<trkpt lat="47.781211" lon="10.846026">
				<ele>750.000000</ele>
			</trkpt>
			<trkpt lat="47.781265" lon="10.846133">
				<ele>750.000000</ele>
			</trkpt>
			<trkpt lat="47.781319" lon="10.846250">
				<ele>750.000000</ele>
			</trkpt>
			<trkpt lat="47.781386" lon="10.846403">
				<ele>750.000000</ele>
			</trkpt>
			<trkpt lat="47.781470" lon="10.846609">
				<ele>750.000000</ele>
			</trkpt>
			<trkpt lat="47.781543" lon="10.846789">
				<ele>751.000000</ele>
			</trkpt>
			<trkpt lat="47.781609" lon="10.846978">
				<ele>751.000000</ele>
			</trkpt>
			<trkpt lat="47.781669" lon="10.847211">
				<ele>751.000000</ele>
			</trkpt>
			<trkpt lat="47.781718" lon="10.847426">
				<ele>752.000000</ele>
			</trkpt>
			<trkpt lat="47.781730" lon="10.847552">
				<ele>752.000000</ele>
			</trkpt>
			<trkpt lat="47.781742" lon="10.847678">
				<ele>752.000000</ele>
			</trkpt>
			<trkpt lat="47.781748" lon="10.847858">
				<ele>752.000000</ele>
			</trkpt>
			<trkpt lat="47.781760" lon="10.847957">
				<ele>752.000000</ele>
			</trkpt>
			<trkpt lat="47.781784" lon="10.848064">
				<ele>752.000000</ele>
			</trkpt>
			<trkpt lat="47.781857" lon="10.848244">
				<ele>753.000000</ele>
			</trkpt>
			<trkpt lat="47.781936" lon="10.848406">
				<ele>753.000000</ele>
			</trkpt>
			<trkpt lat="47.782026" lon="10.848550">
				<ele>753.000000</ele>
			</trkpt>
			<trkpt lat="47.782111" lon="10.848711">
				<ele>754.000000</ele>
			</trkpt>
			<trkpt lat="47.782219" lon="10.848900">
				<ele>754.000000</ele>
			</trkpt>
			<trkpt lat="47.782316" lon="10.849043">
				<ele>754.000000</ele>
			</trkpt>
			<trkpt lat="47.782388" lon="10.849152">
				<ele>755.000000</ele>
			</trkpt>
			<trkpt lat="47.782467" lon="10.849214">
				<ele>755.000000</ele>
			</trkpt>
			<trkpt lat="47.782533" lon="10.849295">
				<ele>755.000000</ele>
			</trkpt>
			<trkpt lat="47.782575" lon="10.849358">
				<ele>755.000000</ele>
			</trkpt>
			<trkpt lat="47.782599" lon="10.849456">
				<ele>755.000000</ele>
			</trkpt>
			<trkpt lat="47.782630" lon="10.849582">
				<ele>755.000000</ele>
			</trkpt>
			<trkpt lat="47.782684" lon="10.849718">
				<ele>756.000000</ele>
			</trkpt>
			<trkpt lat="47.782708" lon="10.849780">
				<ele>756.000000</ele>
			</trkpt>
			<trkpt lat="47.782744" lon="10.849825">
				<ele>756.000000</ele>
			</trkpt>
			<trkpt lat="47.782786" lon="10.849888">
				<ele>756.000000</ele>
			</trkpt>
			<trkpt lat="47.782841" lon="10.849924">
				<ele>756.000000</ele>
			</trkpt>
			<trkpt lat="47.782883" lon="10.849969">
				<ele>756.000000</ele>
			</trkpt>
			<trkpt lat="47.782943" lon="10.850014">
				<ele>756.000000</ele>
			</trkpt>
			<trkpt lat="47.782974" lon="10.850049">
				<ele>756.000000</ele>
			</trkpt>
			<trkpt lat="47.783046" lon="10.850158">
				<ele>757.000000</ele>
			</trkpt>
			<trkpt lat="47.783112" lon="10.850311">
				<ele>757.000000</ele>
			</trkpt>
			<trkpt lat="47.783185" lon="10.850472">
				<ele>757.000000</ele>
			</trkpt>
			<trkpt lat="47.783287" lon="10.850741">
				<ele>758.000000</ele>
			</trkpt>
			<trkpt lat="47.783378" lon="10.850940">
				<ele>758.000000</ele>
			</trkpt>
			<trkpt lat="47.783438" lon="10.851074">
				<ele>758.000000</ele>
			</trkpt>
			<trkpt lat="47.783565" lon="10.851379">
				<ele>759.000000</ele>
			</trkpt>
			<trkpt lat="47.783674" lon="10.851684">
				<ele>759.000000</ele>
			</trkpt>
			<trkpt lat="47.783806" lon="10.851945">
				<ele>760.000000</ele>
			</trkpt>
			<trkpt lat="47.783927" lon="10.852133">
				<ele>760.000000</ele>
			</trkpt>
			<trkpt lat="47.784048" lon="10.852286">
				<ele>760.000000</ele>
			</trkpt>
			<trkpt lat="47.784193" lon="10.852619">
				<ele>760.000000</ele>
			</trkpt>
			<trkpt lat="47.784259" lon="10.852718">
				<ele>760.000000</ele>
			</trkpt>
			<trkpt lat="47.784350" lon="10.852961">
				<ele>759.000000</ele>
			</trkpt>
			<trkpt lat="47.784422" lon="10.853175">
				<ele>759.000000</ele>
			</trkpt>
			<trkpt lat="47.784531" lon="10.853418">
				<ele>758.000000</ele>
			</trkpt>
			<trkpt lat="47.784766" lon="10.853858">
				<ele>758.000000</ele>
			</trkpt>
			<trkpt lat="47.785031" lon="10.854307">
				<ele>757.000000</ele>
			</trkpt>
			<trkpt lat="47.785146" lon="10.854452">
				<ele>756.000000</ele>
			</trkpt>
			<trkpt lat="47.785333" lon="10.854685">
				<ele>756.000000</ele>
			</trkpt>
			<trkpt lat="47.785460" lon="10.854829">
				<ele>755.000000</ele>
			</trkpt>
			<trkpt lat="47.785605" lon="10.855108">
				<ele>755.000000</ele>
			</trkpt>
			<trkpt lat="47.785702" lon="10.855314">
				<ele>755.000000</ele>
			</trkpt>
			<trkpt lat="47.785756" lon="10.855502">
				<ele>754.000000</ele>
			</trkpt>
			<trkpt lat="47.785841" lon="10.855701">
				<ele>754.000000</ele>
			</trkpt>
			<trkpt lat="47.785919" lon="10.855764">
				<ele>754.000000</ele>
			</trkpt>
			<trkpt lat="47.786004" lon="10.855798">
				<ele>753.000000</ele>
			</trkpt>
			<trkpt lat="47.786082" lon="10.855817">
				<ele>753.000000</ele>
			</trkpt>
			<trkpt lat="47.786245" lon="10.855951">
				<ele>753.000000</ele>
			</trkpt>
			<trkpt lat="47.786378" lon="10.856150">
				<ele>752.000000</ele>
			</trkpt>
			<trkpt lat="47.786462" lon="10.856301">
				<ele>752.000000</ele>
			</trkpt>
			<trkpt lat="47.786577" lon="10.856544">
				<ele>752.000000</ele>
			</trkpt>
			<trkpt lat="47.786704" lon="10.856806">
				<ele>751.000000</ele>
			</trkpt>
			<trkpt lat="47.786806" lon="10.856976">
				<ele>751.000000</ele>
			</trkpt>
			<trkpt lat="47.786921" lon="10.857119">
				<ele>751.000000</ele>
			</trkpt>
			<trkpt lat="47.787012" lon="10.857263">
				<ele>750.000000</ele>
			</trkpt>
			<trkpt lat="47.787156" lon="10.857532">
				<ele>750.000000</ele>
			</trkpt>
			<trkpt lat="47.787277" lon="10.857775">
				<ele>750.000000</ele>
			</trkpt>
			<trkpt lat="47.787307" lon="10.857848">
				<ele>750.000000</ele>
			</trkpt>
			<trkpt lat="47.787446" lon="10.858089">
				<ele>750.000000</ele>
			</trkpt>
			<trkpt lat="47.787531" lon="10.858215">
				<ele>750.000000</ele>
			</trkpt>
			<trkpt lat="47.787573" lon="10.858324">
				<ele>750.000000</ele>
			</trkpt>
			<trkpt lat="47.787597" lon="10.858584">
				<ele>750.000000</ele>
			</trkpt>
			<trkpt lat="47.787609" lon="10.858764">
				<ele>750.000000</ele>
			</trkpt>
			<trkpt lat="47.787663" lon="10.858925">
				<ele>750.000000</ele>
			</trkpt>
			<trkpt lat="47.788128" lon="10.859913">
				<ele>750.000000</ele>
			</trkpt>
			<trkpt lat="47.788182" lon="10.860012">
				<ele>750.000000</ele>
			</trkpt>
			<trkpt lat="47.788207" lon="10.860030">
				<ele>750.000000</ele>
			</trkpt>
			<trkpt lat="47.788279" lon="10.860083">
				<ele>750.000000</ele>
			</trkpt>
			<trkpt lat="47.788418" lon="10.860129">
				<ele>750.000000</ele>
			</trkpt>
			<trkpt lat="47.788587" lon="10.860209">
				<ele>750.000000</ele>
			</trkpt>
			<trkpt lat="47.788689" lon="10.860272">
				<ele>750.000000</ele>
			</trkpt>
			<trkpt lat="47.788792" lon="10.860408">
				<ele>750.000000</ele>
			</trkpt>
			<trkpt lat="47.788889" lon="10.860632">
				<ele>750.000000</ele>
			</trkpt>
			<trkpt lat="47.788967" lon="10.860802">
				<ele>750.000000</ele>
			</trkpt>
			<trkpt lat="47.789064" lon="10.861027">
				<ele>750.000000</ele>
			</trkpt>
			<trkpt lat="47.789166" lon="10.861207">
				<ele>750.000000</ele>
			</trkpt>
			<trkpt lat="47.789414" lon="10.861530">
				<ele>750.000000</ele>
			</trkpt>
			<trkpt lat="47.789552" lon="10.861737">
				<ele>750.000000</ele>
			</trkpt>
			<trkpt lat="47.789721" lon="10.861961">
				<ele>750.000000</ele>
			</trkpt>
			<trkpt lat="47.789854" lon="10.862141">
				<ele>750.000000</ele>
			</trkpt>
			<trkpt lat="47.790047" lon="10.862437">
				<ele>750.000000</ele>
			</trkpt>
			<trkpt lat="47.790283" lon="10.862932">
				<ele>750.000000</ele>
			</trkpt>
			<trkpt lat="47.790379" lon="10.863120">
				<ele>750.000000</ele>
			</trkpt>
			<trkpt lat="47.790723" lon="10.863767">
				<ele>750.000000</ele>
			</trkpt>
			<trkpt lat="47.790802" lon="10.863865">
				<ele>750.000000</ele>
			</trkpt>
			<trkpt lat="47.790922" lon="10.864001">
				<ele>750.000000</ele>
			</trkpt>
			<trkpt lat="47.791097" lon="10.864162">
				<ele>750.000000</ele>
			</trkpt>
			<trkpt lat="47.791303" lon="10.864387">
				<ele>750.000000</ele>
			</trkpt>
			<trkpt lat="47.791628" lon="10.864727">
				<ele>750.000000</ele>
			</trkpt>
			<trkpt lat="47.791815" lon="10.864907">
				<ele>750.000000</ele>
			</trkpt>
			<trkpt lat="47.792009" lon="10.865033">
				<ele>750.000000</ele>
			</trkpt>
			<trkpt lat="47.792093" lon="10.865060">
				<ele>750.000000</ele>
			</trkpt>
			<trkpt lat="47.792292" lon="10.865060">
				<ele>750.000000</ele>
			</trkpt>
			<trkpt lat="47.792473" lon="10.865114">
				<ele>750.000000</ele>
			</trkpt>
			<trkpt lat="47.792576" lon="10.865213">
				<ele>750.000000</ele>
			</trkpt>
			<trkpt lat="47.792685" lon="10.865276">
				<ele>750.000000</ele>
			</trkpt>
			<trkpt lat="47.792866" lon="10.865366">
				<ele>750.000000</ele>
			</trkpt>
			<trkpt lat="47.793077" lon="10.865411">
				<ele>750.000000</ele>
			</trkpt>
			<trkpt lat="47.793264" lon="10.865393">
				<ele>750.000000</ele>
			</trkpt>
			<trkpt lat="47.793475" lon="10.865393">
				<ele>750.000000</ele>
			</trkpt>
			<trkpt lat="47.793698" lon="10.865420">
				<ele>750.000000</ele>
			</trkpt>
			<trkpt lat="47.793916" lon="10.865501">
				<ele>749.000000</ele>
			</trkpt>
			<trkpt lat="47.794079" lon="10.865590">
				<ele>749.000000</ele>
			</trkpt>
			<trkpt lat="47.794435" lon="10.865815">
				<ele>748.000000</ele>
			</trkpt>
			<trkpt lat="47.794489" lon="10.865859">
				<ele>748.000000</ele>
			</trkpt>
			<trkpt lat="47.794773" lon="10.866067">
				<ele>747.000000</ele>
			</trkpt>
			<trkpt lat="47.796535" lon="10.867316">
				<ele>743.000000</ele>
			</trkpt>
			<trkpt lat="47.796692" lon="10.867423">
				<ele>743.000000</ele>
			</trkpt>
			<trkpt lat="47.797132" lon="10.867737">
				<ele>742.000000</ele>
			</trkpt>
			<trkpt lat="47.798025" lon="10.868385">
				<ele>740.000000</ele>
			</trkpt>
			<trkpt lat="47.798490" lon="10.868717">
				<ele>739.000000</ele>
			</trkpt>
			<trkpt lat="47.798629" lon="10.868825">
				<ele>739.000000</ele>
			</trkpt>
			<trkpt lat="47.798792" lon="10.868924">
				<ele>739.000000</ele>
			</trkpt>
			<trkpt lat="47.799082" lon="10.869058">
				<ele>739.000000</ele>
			</trkpt>
			<trkpt lat="47.799432" lon="10.869184">
				<ele>738.000000</ele>
			</trkpt>
			<trkpt lat="47.799951" lon="10.869408">
				<ele>738.000000</ele>
			</trkpt>
			<trkpt lat="47.800162" lon="10.869498">
				<ele>737.000000</ele>
			</trkpt>
			<trkpt lat="47.800258" lon="10.869551">
				<ele>737.000000</ele>
			</trkpt>
			<trkpt lat="47.801024" lon="10.869867">
				<ele>736.000000</ele>
			</trkpt>
			<trkpt lat="47.802545" lon="10.870532">
				<ele>734.000000</ele>
			</trkpt>
			<trkpt lat="47.802835" lon="10.870648">
				<ele>734.000000</ele>
			</trkpt>
			<trkpt lat="47.803257" lon="10.870828">
				<ele>733.000000</ele>
			</trkpt>
			<trkpt lat="47.803631" lon="10.870989">
				<ele>733.000000</ele>
			</trkpt>
			<trkpt lat="47.805851" lon="10.871933">
				<ele>730.000000</ele>
			</trkpt>
			<trkpt lat="47.806322" lon="10.872121">
				<ele>730.000000</ele>
			</trkpt>
			<trkpt lat="47.806521" lon="10.872184">
				<ele>730.000000</ele>
			</trkpt>
			<trkpt lat="47.806570" lon="10.872201">
				<ele>730.000000</ele>
			</trkpt>
			<trkpt lat="47.806570" lon="10.872283">
				<ele>730.000000</ele>
			</trkpt>
			<trkpt lat="47.806582" lon="10.872346">
				<ele>730.000000</ele>
			</trkpt>
			<trkpt lat="47.806684" lon="10.872346">
				<ele>730.000000</ele>
			</trkpt>
			<trkpt lat="47.806781" lon="10.872364">
				<ele>730.000000</ele>
			</trkpt>
			<trkpt lat="47.806859" lon="10.873127">
				<ele>730.000000</ele>
			</trkpt>
			<trkpt lat="47.806932" lon="10.873801">
				<ele>730.000000</ele>
			</trkpt>
			<trkpt lat="47.806980" lon="10.874349">
				<ele>730.000000</ele>
			</trkpt>
			<trkpt lat="47.807022" lon="10.874780">
				<ele>730.000000</ele>
			</trkpt>
			<trkpt lat="47.807077" lon="10.875391">
				<ele>730.000000</ele>
			</trkpt>
			<trkpt lat="47.807089" lon="10.875633">
				<ele>730.000000</ele>
			</trkpt>
			<trkpt lat="47.807178" lon="10.875804">
				<ele>730.000000</ele>
			</trkpt>
			<trkpt lat="47.807281" lon="10.875939">
				<ele>730.000000</ele>
			</trkpt>
			<trkpt lat="47.807287" lon="10.876020">
				<ele>730.000000</ele>
			</trkpt>
			<trkpt lat="47.807287" lon="10.876065">
				<ele>730.000000</ele>
			</trkpt>
			<trkpt lat="47.807287" lon="10.876119">
				<ele>730.000000</ele>
			</trkpt>
			<trkpt lat="47.807287" lon="10.876182">
				<ele>730.000000</ele>
			</trkpt>
			<trkpt lat="47.807197" lon="10.876289">
				<ele>730.000000</ele>
			</trkpt>
			<trkpt lat="47.807166" lon="10.876379">
				<ele>730.000000</ele>
			</trkpt>
			<trkpt lat="47.807197" lon="10.876451">
				<ele>730.000000</ele>
			</trkpt>
			<trkpt lat="47.807215" lon="10.876541">
				<ele>730.000000</ele>
			</trkpt>
			<trkpt lat="47.807245" lon="10.876918">
				<ele>730.000000</ele>
			</trkpt>
			<trkpt lat="47.807275" lon="10.877448">
				<ele>730.000000</ele>
			</trkpt>
			<trkpt lat="47.807372" lon="10.878616">
				<ele>730.000000</ele>
			</trkpt>
			<trkpt lat="47.807408" lon="10.879012">
				<ele>730.000000</ele>
			</trkpt>
			<trkpt lat="47.807426" lon="10.879308">
				<ele>730.000000</ele>
			</trkpt>
			<trkpt lat="47.807432" lon="10.879415">
				<ele>730.000000</ele>
			</trkpt>
			<trkpt lat="47.807492" lon="10.880090">
				<ele>730.000000</ele>
			</trkpt>
			<trkpt lat="47.807571" lon="10.881140">
				<ele>730.000000</ele>
			</trkpt>
			<trkpt lat="47.807945" lon="10.881149">
				<ele>730.000000</ele>
			</trkpt>
			<trkpt lat="47.808512" lon="10.881140">
				<ele>730.000000</ele>
			</trkpt>
			<trkpt lat="47.808711" lon="10.881132">
				<ele>730.000000</ele>
			</trkpt>
			<trkpt lat="47.808778" lon="10.881113">
				<ele>730.000000</ele>
			</trkpt>
			<trkpt lat="47.808856" lon="10.881149">
				<ele>730.000000</ele>
			</trkpt>
			<trkpt lat="47.808923" lon="10.881203">
				<ele>730.000000</ele>
			</trkpt>
			<trkpt lat="47.809007" lon="10.881275">
				<ele>730.000000</ele>
			</trkpt>
			<trkpt lat="47.809067" lon="10.881346">
				<ele>730.000000</ele>
			</trkpt>
			<trkpt lat="47.809110" lon="10.881428">
				<ele>730.000000</ele>
			</trkpt>
			<trkpt lat="47.809140" lon="10.881491">
				<ele>730.000000</ele>
			</trkpt>
			<trkpt lat="47.809158" lon="10.881545">
				<ele>730.000000</ele>
			</trkpt>
			<trkpt lat="47.809176" lon="10.881635">
				<ele>730.000000</ele>
			</trkpt>
			<trkpt lat="47.809176" lon="10.881760">
				<ele>730.000000</ele>
			</trkpt>
			<trkpt lat="47.809158" lon="10.881931">
				<ele>730.000000</ele>
			</trkpt>
			<trkpt lat="47.809242" lon="10.881939">
				<ele>730.000000</ele>
			</trkpt>
			<trkpt lat="47.809387" lon="10.881939">
				<ele>730.000000</ele>
			</trkpt>
			<trkpt lat="47.809670" lon="10.881949">
				<ele>727.000000</ele>
			</trkpt>
			<trkpt lat="47.809809" lon="10.881958">
				<ele>726.000000</ele>
			</trkpt>
			<trkpt lat="47.809942" lon="10.881975">
				<ele>726.000000</ele>
			</trkpt>
			<trkpt lat="47.810183" lon="10.882021">
				<ele>726.000000</ele>
			</trkpt>
			<trkpt lat="47.810388" lon="10.882048">
				<ele>726.000000</ele>
			</trkpt>
			<trkpt lat="47.810551" lon="10.882075">
				<ele>726.000000</ele>
			</trkpt>
			<trkpt lat="47.810678" lon="10.882092">
				<ele>726.000000</ele>
			</trkpt>
			<trkpt lat="47.810853" lon="10.882119">
				<ele>726.000000</ele>
			</trkpt>
			<trkpt lat="47.811282" lon="10.882165">
				<ele>726.000000</ele>
			</trkpt>
			<trkpt lat="47.811384" lon="10.882174">
				<ele>726.000000</ele>
			</trkpt>
			<trkpt lat="47.811540" lon="10.882201">
				<ele>726.000000</ele>
			</trkpt>
			<trkpt lat="47.811673" lon="10.882228">
				<ele>726.000000</ele>
			</trkpt>
			<trkpt lat="47.811921" lon="10.882317">
				<ele>726.000000</ele>
			</trkpt>
			<trkpt lat="47.812102" lon="10.882425">
				<ele>726.000000</ele>
			</trkpt>
			<trkpt lat="47.812265" lon="10.882560">
				<ele>726.000000</ele>
			</trkpt>
			<trkpt lat="47.812295" lon="10.882425">
				<ele>726.000000</ele>
			</trkpt>
			<trkpt lat="47.812325" lon="10.882264">
				<ele>726.000000</ele>
			</trkpt>
			<trkpt lat="47.812361" lon="10.882128">
				<ele>726.000000</ele>
			</trkpt>
			<trkpt lat="47.812416" lon="10.882057">
				<ele>726.000000</ele>
			</trkpt>
			<trkpt lat="47.812458" lon="10.882012">
				<ele>726.000000</ele>
			</trkpt>
			<trkpt lat="47.812554" lon="10.881975">
				<ele>726.000000</ele>
			</trkpt>
			<trkpt lat="47.813128" lon="10.881949">
				<ele>726.000000</ele>
			</trkpt>
			<trkpt lat="47.813188" lon="10.881975">
				<ele>726.000000</ele>
			</trkpt>
			<trkpt lat="47.813260" lon="10.882048">
				<ele>726.000000</ele>
			</trkpt>
			<trkpt lat="47.813302" lon="10.882245">
				<ele>726.000000</ele>
			</trkpt>
			<trkpt lat="47.813332" lon="10.882470">
				<ele>726.000000</ele>
			</trkpt>
			<trkpt lat="47.813368" lon="10.882578">
				<ele>726.000000</ele>
			</trkpt>
			<trkpt lat="47.813507" lon="10.882541">
				<ele>726.000000</ele>
			</trkpt>
			<trkpt lat="47.813640" lon="10.882541">
				<ele>726.000000</ele>
			</trkpt>
			<trkpt lat="47.813845" lon="10.882560">
				<ele>726.000000</ele>
			</trkpt>
			<trkpt lat="47.814056" lon="10.882578">
				<ele>726.000000</ele>
			</trkpt>
			<trkpt lat="47.814249" lon="10.882587">
				<ele>726.000000</ele>
			</trkpt>
			<trkpt lat="47.814334" lon="10.882595">
				<ele>726.000000</ele>
			</trkpt>
			<trkpt lat="47.814424" lon="10.882587">
				<ele>726.000000</ele>
			</trkpt>
			<trkpt lat="47.814593" lon="10.882560">
				<ele>726.000000</ele>
			</trkpt>
			<trkpt lat="47.814853" lon="10.882515">
				<ele>726.000000</ele>
			</trkpt>
			<trkpt lat="47.814847" lon="10.882057">
				<ele>720.000000</ele>
			</trkpt>
			<trkpt lat="47.814847" lon="10.882057">
				<ele>720.000000</ele>
			</trkpt>
			<trkpt lat="47.814853" lon="10.882515">
				<ele>726.000000</ele>
			</trkpt>
			<trkpt lat="47.815106" lon="10.882488">
				<ele>726.000000</ele>
			</trkpt>
			<trkpt lat="47.815359" lon="10.882478">
				<ele>726.000000</ele>
			</trkpt>
			<trkpt lat="47.815607" lon="10.882497">
				<ele>726.000000</ele>
			</trkpt>
			<trkpt lat="47.815667" lon="10.882497">
				<ele>726.000000</ele>
			</trkpt>
			<trkpt lat="47.815854" lon="10.882497">
				<ele>727.000000</ele>
			</trkpt>
			<trkpt lat="47.816059" lon="10.882533">
				<ele>727.000000</ele>
			</trkpt>
			<trkpt lat="47.816234" lon="10.882568">
				<ele>727.000000</ele>
			</trkpt>
			<trkpt lat="47.816397" lon="10.882614">
				<ele>727.000000</ele>
			</trkpt>
			<trkpt lat="47.816632" lon="10.882712">
				<ele>727.000000</ele>
			</trkpt>
			<trkpt lat="47.816698" lon="10.882740">
				<ele>727.000000</ele>
			</trkpt>
			<trkpt lat="47.816644" lon="10.882937">
				<ele>727.000000</ele>
			</trkpt>
			<trkpt lat="47.816445" lon="10.883719">
				<ele>727.000000</ele>
			</trkpt>
			<trkpt lat="47.816373" lon="10.883979">
				<ele>727.000000</ele>
			</trkpt>
			<trkpt lat="47.816277" lon="10.884365">
				<ele>727.000000</ele>
			</trkpt>
			<trkpt lat="47.816228" lon="10.884482">
				<ele>727.000000</ele>
			</trkpt>
			<trkpt lat="47.816192" lon="10.884589">
				<ele>726.000000</ele>
			</trkpt>
			<trkpt lat="47.816053" lon="10.885417">
				<ele>720.000000</ele>
			</trkpt>
			<trkpt lat="47.816041" lon="10.885578">
				<ele>727.000000</ele>
			</trkpt>
			<trkpt lat="47.815836" lon="10.885740">
				<ele>728.000000</ele>
			</trkpt>
			<trkpt lat="47.815776" lon="10.885803">
				<ele>728.000000</ele>
			</trkpt>
			<trkpt lat="47.815498" lon="10.886126">
				<ele>728.000000</ele>
			</trkpt>
			<trkpt lat="47.815414" lon="10.886233">
				<ele>728.000000</ele>
			</trkpt>
			<trkpt lat="47.815166" lon="10.886530">
				<ele>728.000000</ele>
			</trkpt>
			<trkpt lat="47.815076" lon="10.886629">
				<ele>728.000000</ele>
			</trkpt>
			<trkpt lat="47.814961" lon="10.886755">
				<ele>728.000000</ele>
			</trkpt>
			<trkpt lat="47.814841" lon="10.886845">
				<ele>728.000000</ele>
			</trkpt>
			<trkpt lat="47.814660" lon="10.886943">
				<ele>728.000000</ele>
			</trkpt>
			<trkpt lat="47.814515" lon="10.887006">
				<ele>728.000000</ele>
			</trkpt>
			<trkpt lat="47.814370" lon="10.887042">
				<ele>728.000000</ele>
			</trkpt>
			<trkpt lat="47.814274" lon="10.887069">
				<ele>728.000000</ele>
			</trkpt>
			<trkpt lat="47.813972" lon="10.887123">
				<ele>729.000000</ele>
			</trkpt>
			<trkpt lat="47.813459" lon="10.887212">
				<ele>729.000000</ele>
			</trkpt>
			<trkpt lat="47.813417" lon="10.887222">
				<ele>729.000000</ele>
			</trkpt>
			<trkpt lat="47.813055" lon="10.887294">
				<ele>729.000000</ele>
			</trkpt>
			<trkpt lat="47.812687" lon="10.887357">
				<ele>729.000000</ele>
			</trkpt>
			<trkpt lat="47.812090" lon="10.887474">
				<ele>729.000000</ele>
			</trkpt>
			<trkpt lat="47.811951" lon="10.887482">
				<ele>730.000000</ele>
			</trkpt>
			<trkpt lat="47.811830" lon="10.887491">
				<ele>730.000000</ele>
			</trkpt>
			<trkpt lat="47.811667" lon="10.887465">
				<ele>730.000000</ele>
			</trkpt>
			<trkpt lat="47.811516" lon="10.887392">
				<ele>730.000000</ele>
			</trkpt>
			<trkpt lat="47.811294" lon="10.887302">
				<ele>730.000000</ele>
			</trkpt>
			<trkpt lat="47.811137" lon="10.887186">
				<ele>730.000000</ele>
			</trkpt>
			<trkpt lat="47.810992" lon="10.887069">
				<ele>730.000000</ele>
			</trkpt>
			<trkpt lat="47.810847" lon="10.886962">
				<ele>730.000000</ele>
			</trkpt>
			<trkpt lat="47.810702" lon="10.886862">
				<ele>730.000000</ele>
			</trkpt>
			<trkpt lat="47.810582" lon="10.886799">
				<ele>730.000000</ele>
			</trkpt>
			<trkpt lat="47.810437" lon="10.886746">
				<ele>730.000000</ele>
			</trkpt>
			<trkpt lat="47.810232" lon="10.886692">
				<ele>730.000000</ele>
			</trkpt>
			<trkpt lat="47.810002" lon="10.886647">
				<ele>730.000000</ele>
			</trkpt>
			<trkpt lat="47.809936" lon="10.886638">
				<ele>730.000000</ele>
			</trkpt>
			<trkpt lat="47.809640" lon="10.886612">
				<ele>730.000000</ele>
			</trkpt>
			<trkpt lat="47.809399" lon="10.886593">
				<ele>730.000000</ele>
			</trkpt>
			<trkpt lat="47.809327" lon="10.886583">
				<ele>730.000000</ele>
			</trkpt>
			<trkpt lat="47.809218" lon="10.886575">
				<ele>730.000000</ele>
			</trkpt>
			<trkpt lat="47.808754" lon="10.886530">
				<ele>730.000000</ele>
			</trkpt>
			<trkpt lat="47.808585" lon="10.886512">
				<ele>730.000000</ele>
			</trkpt>
			<trkpt lat="47.808440" lon="10.886494">
				<ele>730.000000</ele>
			</trkpt>
			<trkpt lat="47.808084" lon="10.886369">
				<ele>728.000000</ele>
			</trkpt>
			<trkpt lat="47.807945" lon="10.886360">
				<ele>727.000000</ele>
			</trkpt>
			<trkpt lat="47.807945" lon="10.886539">
				<ele>726.000000</ele>
			</trkpt>
			<trkpt lat="47.807915" lon="10.886620">
				<ele>726.000000</ele>
			</trkpt>
			<trkpt lat="47.807903" lon="10.887069">
				<ele>724.000000</ele>
			</trkpt>
			<trkpt lat="47.807885" lon="10.887419">
				<ele>722.000000</ele>
			</trkpt>
			<trkpt lat="47.807860" lon="10.887681">
				<ele>721.000000</ele>
			</trkpt>
			<trkpt lat="47.807824" lon="10.888130">
				<ele>719.000000</ele>
			</trkpt>
			<trkpt lat="47.807800" lon="10.888434">
				<ele>717.000000</ele>
			</trkpt>
			<trkpt lat="47.807794" lon="10.888524">
				<ele>716.000000</ele>
			</trkpt>
			<trkpt lat="47.807782" lon="10.888776">
				<ele>715.000000</ele>
			</trkpt>
			<trkpt lat="47.807788" lon="10.888847">
				<ele>714.000000</ele>
			</trkpt>
			<trkpt lat="47.807782" lon="10.889010">
				<ele>713.000000</ele>
			</trkpt>
			<trkpt lat="47.807788" lon="10.889063">
				<ele>713.000000</ele>
			</trkpt>
			<trkpt lat="47.807788" lon="10.889306">
				<ele>711.000000</ele>
			</trkpt>
			<trkpt lat="47.807788" lon="10.889352">
				<ele>711.000000</ele>
			</trkpt>
			<trkpt lat="47.807788" lon="10.889648">
				<ele>709.000000</ele>
			</trkpt>
			<trkpt lat="47.807836" lon="10.889944">
				<ele>707.000000</ele>
			</trkpt>
			<trkpt lat="47.807885" lon="10.890115">
				<ele>706.000000</ele>
			</trkpt>
			<trkpt lat="47.807933" lon="10.890241">
				<ele>705.000000</ele>
			</trkpt>
			<trkpt lat="47.807981" lon="10.890331">
				<ele>705.000000</ele>
			</trkpt>
			<trkpt lat="47.808084" lon="10.890510">
				<ele>703.000000</ele>
			</trkpt>
			<trkpt lat="47.808180" lon="10.890618">
				<ele>702.000000</ele>
			</trkpt>
			<trkpt lat="47.808301" lon="10.890698">
				<ele>701.000000</ele>
			</trkpt>
			<trkpt lat="47.808452" lon="10.890833">
				<ele>699.000000</ele>
			</trkpt>
			<trkpt lat="47.808651" lon="10.890931">
				<ele>697.000000</ele>
			</trkpt>
			<trkpt lat="47.808953" lon="10.890977">
				<ele>695.000000</ele>
			</trkpt>
			<trkpt lat="47.809363" lon="10.891103">
				<ele>691.000000</ele>
			</trkpt>
			<trkpt lat="47.809423" lon="10.891120">
				<ele>691.000000</ele>
			</trkpt>
			<trkpt lat="47.809429" lon="10.891094">
				<ele>691.000000</ele>
			</trkpt>
			<trkpt lat="47.809429" lon="10.891067">
				<ele>691.000000</ele>
			</trkpt>
			<trkpt lat="47.809435" lon="10.890986">
				<ele>690.000000</ele>
			</trkpt>
			<trkpt lat="47.809453" lon="10.890905">
				<ele>690.000000</ele>
			</trkpt>
			<trkpt lat="47.809477" lon="10.890807">
				<ele>690.000000</ele>
			</trkpt>
			<trkpt lat="47.809531" lon="10.890698">
				<ele>690.000000</ele>
			</trkpt>
			<trkpt lat="47.809544" lon="10.890725">
				<ele>690.000000</ele>
			</trkpt>
			<trkpt lat="47.809652" lon="10.891013">
				<ele>690.000000</ele>
			</trkpt>
			<trkpt lat="47.809664" lon="10.891040">
				<ele>690.000000</ele>
			</trkpt>
			<trkpt lat="47.809610" lon="10.891084">
				<ele>690.000000</ele>
			</trkpt>
			<trkpt lat="47.809598" lon="10.891139">
				<ele>690.000000</ele>
			</trkpt>
			<trkpt lat="47.809586" lon="10.891327">
				<ele>690.000000</ele>
			</trkpt>
			<trkpt lat="47.809628" lon="10.891390">
				<ele>690.000000</ele>
			</trkpt>
			<trkpt lat="47.809658" lon="10.891480">
				<ele>690.000000</ele>
			</trkpt>
			<trkpt lat="47.809670" lon="10.891570">
				<ele>690.000000</ele>
			</trkpt>
			<trkpt lat="47.809779" lon="10.891723">
				<ele>690.000000</ele>
			</trkpt>
			<trkpt lat="47.809906" lon="10.891866">
				<ele>690.000000</ele>
			</trkpt>
			<trkpt lat="47.809984" lon="10.891929">
				<ele>690.000000</ele>
			</trkpt>
			<trkpt lat="47.810057" lon="10.891956">
				<ele>690.000000</ele>
			</trkpt>
			<trkpt lat="47.810057" lon="10.892028">
				<ele>690.000000</ele>
			</trkpt>
			<trkpt lat="47.810087" lon="10.892091">
				<ele>690.000000</ele>
			</trkpt>
			<trkpt lat="47.810352" lon="10.892459">
				<ele>690.000000</ele>
			</trkpt>
			<trkpt lat="47.810473" lon="10.892639">
				<ele>690.000000</ele>
			</trkpt>
			<trkpt lat="47.810539" lon="10.892728">
				<ele>690.000000</ele>
			</trkpt>
			<trkpt lat="47.810666" lon="10.892981">
				<ele>690.000000</ele>
			</trkpt>
			<trkpt lat="47.810696" lon="10.893052">
				<ele>690.000000</ele>
			</trkpt>
			<trkpt lat="47.810732" lon="10.893133">
				<ele>690.000000</ele>
			</trkpt>
			<trkpt lat="47.810763" lon="10.893231">
				<ele>690.000000</ele>
			</trkpt>
			<trkpt lat="47.810787" lon="10.893294">
				<ele>690.000000</ele>
			</trkpt>
			<trkpt lat="47.810829" lon="10.893411">
				<ele>690.000000</ele>
			</trkpt>
			<trkpt lat="47.810883" lon="10.893573">
				<ele>690.000000</ele>
			</trkpt>
			<trkpt lat="47.810944" lon="10.893753">
				<ele>690.000000</ele>
			</trkpt>
			<trkpt lat="47.810980" lon="10.893950">
				<ele>690.000000</ele>
			</trkpt>
			<trkpt lat="47.810895" lon="10.894031">
				<ele>690.000000</ele>
			</trkpt>
			<trkpt lat="47.810793" lon="10.894130">
				<ele>690.000000</ele>
			</trkpt>
			<trkpt lat="47.810563" lon="10.894355">
				<ele>690.000000</ele>
			</trkpt>
			<trkpt lat="47.810376" lon="10.894534">
				<ele>690.000000</ele>
			</trkpt>
			<trkpt lat="47.810310" lon="10.894615">
				<ele>690.000000</ele>
			</trkpt>
			<trkpt lat="47.810213" lon="10.894732">
				<ele>690.000000</ele>
			</trkpt>
			<trkpt lat="47.809996" lon="10.895011">
				<ele>690.000000</ele>
			</trkpt>
			<trkpt lat="47.809948" lon="10.895065">
				<ele>690.000000</ele>
			</trkpt>
			<trkpt lat="47.809863" lon="10.895136">
				<ele>690.000000</ele>
			</trkpt>
			<trkpt lat="47.809598" lon="10.895325">
				<ele>690.000000</ele>
			</trkpt>
			<trkpt lat="47.809188" lon="10.895648">
				<ele>690.000000</ele>
			</trkpt>
			<trkpt lat="47.809248" lon="10.895828">
				<ele>683.000000</ele>
			</trkpt>
			<trkpt lat="47.809236" lon="10.895918">
				<ele>683.000000</ele>
			</trkpt>
			<trkpt lat="47.809261" lon="10.896080">
				<ele>683.000000</ele>
			</trkpt>
			<trkpt lat="47.809321" lon="10.896340">
				<ele>683.000000</ele>
			</trkpt>
			<trkpt lat="47.809327" lon="10.896403">
				<ele>683.000000</ele>
			</trkpt>
			<trkpt lat="47.809315" lon="10.896484">
				<ele>682.000000</ele>
			</trkpt>
			<trkpt lat="47.809279" lon="10.896547">
				<ele>681.000000</ele>
			</trkpt>
			<trkpt lat="47.809164" lon="10.896699">
				<ele>680.000000</ele>
			</trkpt>
			<trkpt lat="47.809080" lon="10.896816">
				<ele>681.000000</ele>
			</trkpt>
			<trkpt lat="47.809037" lon="10.896969">
				<ele>681.000000</ele>
			</trkpt>
			<trkpt lat="47.809025" lon="10.897112">
				<ele>681.000000</ele>
			</trkpt>
			<trkpt lat="47.809013" lon="10.897373">
				<ele>682.000000</ele>
			</trkpt>
			<trkpt lat="47.809013" lon="10.897615">
				<ele>679.000000</ele>
			</trkpt>
			<trkpt lat="47.809043" lon="10.898145">
				<ele>679.000000</ele>
			</trkpt>
			<trkpt lat="47.809043" lon="10.898199">
				<ele>679.000000</ele>
			</trkpt>
			<trkpt lat="47.809067" lon="10.898451">
				<ele>679.000000</ele>
			</trkpt>
			<trkpt lat="47.809164" lon="10.899160">
				<ele>678.000000</ele>
			</trkpt>
			<trkpt lat="47.809176" lon="10.899250">
				<ele>679.000000</ele>
			</trkpt>
			<trkpt lat="47.809188" lon="10.899349">
				<ele>680.000000</ele>
			</trkpt>
			<trkpt lat="47.809049" lon="10.899466">
				<ele>680.000000</ele>
			</trkpt>
			<trkpt lat="47.809013" lon="10.899493">
				<ele>680.000000</ele>
			</trkpt>
			<trkpt lat="47.809200" lon="10.900050">
				<ele>680.000000</ele>
			</trkpt>
			<trkpt lat="47.809327" lon="10.900463">
				<ele>680.000000</ele>
			</trkpt>
			<trkpt lat="47.809501" lon="10.900984">
				<ele>680.000000</ele>
			</trkpt>
			<trkpt lat="47.809664" lon="10.901531">
				<ele>680.000000</ele>
			</trkpt>
			<trkpt lat="47.809706" lon="10.901649">
				<ele>680.000000</ele>
			</trkpt>
			<trkpt lat="47.809815" lon="10.901954">
				<ele>680.000000</ele>
			</trkpt>
			<trkpt lat="47.809827" lon="10.902026">
				<ele>680.000000</ele>
			</trkpt>
			<trkpt lat="47.809833" lon="10.902126">
				<ele>680.000000</ele>
			</trkpt>
			<trkpt lat="47.809851" lon="10.902313">
				<ele>680.000000</ele>
			</trkpt>
			<trkpt lat="47.809791" lon="10.902493">
				<ele>680.000000</ele>
			</trkpt>
			<trkpt lat="47.809761" lon="10.902539">
				<ele>680.000000</ele>
			</trkpt>
			<trkpt lat="47.809713" lon="10.902583">
				<ele>680.000000</ele>
			</trkpt>
			<trkpt lat="47.809664" lon="10.902610">
				<ele>680.000000</ele>
			</trkpt>
			<trkpt lat="47.809616" lon="10.902628">
				<ele>680.000000</ele>
			</trkpt>
			<trkpt lat="47.809459" lon="10.902682">
				<ele>680.000000</ele>
			</trkpt>
			<trkpt lat="47.808941" lon="10.902835">
				<ele>680.000000</ele>
			</trkpt>
			<trkpt lat="47.808880" lon="10.902862">
				<ele>680.000000</ele>
			</trkpt>
			<trkpt lat="47.808814" lon="10.902898">
				<ele>680.000000</ele>
			</trkpt>
			<trkpt lat="47.808778" lon="10.902925">
				<ele>680.000000</ele>
			</trkpt>
			<trkpt lat="47.808742" lon="10.902969">
				<ele>680.000000</ele>
			</trkpt>
			<trkpt lat="47.808705" lon="10.903023">
				<ele>680.000000</ele>
			</trkpt>
			<trkpt lat="47.808669" lon="10.903086">
				<ele>680.000000</ele>
			</trkpt>
			<trkpt lat="47.808633" lon="10.903168">
				<ele>680.000000</ele>
			</trkpt>
			<trkpt lat="47.808585" lon="10.903275">
				<ele>680.000000</ele>
			</trkpt>
			<trkpt lat="47.808548" lon="10.903401">
				<ele>680.000000</ele>
			</trkpt>
			<trkpt lat="47.808530" lon="10.903491">
				<ele>680.000000</ele>
			</trkpt>
			<trkpt lat="47.808518" lon="10.903589">
				<ele>680.000000</ele>
			</trkpt>
			<trkpt lat="47.808512" lon="10.903679">
				<ele>680.000000</ele>
			</trkpt>
			<trkpt lat="47.808518" lon="10.903795">
				<ele>680.000000</ele>
			</trkpt>
			<trkpt lat="47.808530" lon="10.903948">
				<ele>680.000000</ele>
			</trkpt>
			<trkpt lat="47.808548" lon="10.904155">
				<ele>680.000000</ele>
			</trkpt>
			<trkpt lat="47.808561" lon="10.904380">
				<ele>680.000000</ele>
			</trkpt>
			<trkpt lat="47.808561" lon="10.904533">
				<ele>680.000000</ele>
			</trkpt>
			<trkpt lat="47.808524" lon="10.904613">
				<ele>680.000000</ele>
			</trkpt>
			<trkpt lat="47.808494" lon="10.904810">
				<ele>680.000000</ele>
			</trkpt>
			<trkpt lat="47.808482" lon="10.904865">
				<ele>680.000000</ele>
			</trkpt>
			<trkpt lat="47.808452" lon="10.904936">
				<ele>680.000000</ele>
			</trkpt>
			<trkpt lat="47.808428" lon="10.904955">
				<ele>680.000000</ele>
			</trkpt>
			<trkpt lat="47.808416" lon="10.904982">
				<ele>680.000000</ele>
			</trkpt>
			<trkpt lat="47.808404" lon="10.905017">
				<ele>680.000000</ele>
			</trkpt>
			<trkpt lat="47.808392" lon="10.905053">
				<ele>680.000000</ele>
			</trkpt>
			<trkpt lat="47.808392" lon="10.905099">
				<ele>680.000000</ele>
			</trkpt>
			<trkpt lat="47.808398" lon="10.905143">
				<ele>680.000000</ele>
			</trkpt>
			<trkpt lat="47.808410" lon="10.905170">
				<ele>680.000000</ele>
			</trkpt>
			<trkpt lat="47.808422" lon="10.905197">
				<ele>680.000000</ele>
			</trkpt>
			<trkpt lat="47.808434" lon="10.905215">
				<ele>680.000000</ele>
			</trkpt>
			<trkpt lat="47.808458" lon="10.905233">
				<ele>680.000000</ele>
			</trkpt>
			<trkpt lat="47.808470" lon="10.905242">
				<ele>680.000000</ele>
			</trkpt>
			<trkpt lat="47.808482" lon="10.905242">
				<ele>680.000000</ele>
			</trkpt>
			<trkpt lat="47.808488" lon="10.905242">
				<ele>680.000000</ele>
			</trkpt>
			<trkpt lat="47.808512" lon="10.905287">
				<ele>680.000000</ele>
			</trkpt>
			<trkpt lat="47.808573" lon="10.905403">
				<ele>680.000000</ele>
			</trkpt>
			<trkpt lat="47.808615" lon="10.905449">
				<ele>680.000000</ele>
			</trkpt>
			<trkpt lat="47.808639" lon="10.905592">
				<ele>680.000000</ele>
			</trkpt>
			<trkpt lat="47.808681" lon="10.906248">
				<ele>680.000000</ele>
			</trkpt>
			<trkpt lat="47.808687" lon="10.906275">
				<ele>680.000000</ele>
			</trkpt>
			<trkpt lat="47.808717" lon="10.906688">
				<ele>680.000000</ele>
			</trkpt>
			<trkpt lat="47.808742" lon="10.907066">
				<ele>680.000000</ele>
			</trkpt>
			<trkpt lat="47.808760" lon="10.907317">
				<ele>680.000000</ele>
			</trkpt>
			<trkpt lat="47.808796" lon="10.907802">
				<ele>680.000000</ele>
			</trkpt>
			<trkpt lat="47.808814" lon="10.908045">
				<ele>680.000000</ele>
			</trkpt>
			<trkpt lat="47.808826" lon="10.908242">
				<ele>680.000000</ele>
			</trkpt>
			<trkpt lat="47.808838" lon="10.908413">
				<ele>680.000000</ele>
			</trkpt>
			<trkpt lat="47.808898" lon="10.908485">
				<ele>679.000000</ele>
			</trkpt>
			<trkpt lat="47.809007" lon="10.909221">
				<ele>670.000000</ele>
			</trkpt>
			<trkpt lat="47.809055" lon="10.909401">
				<ele>670.000000</ele>
			</trkpt>
			<trkpt lat="47.809134" lon="10.909697">
				<ele>671.000000</ele>
			</trkpt>
			<trkpt lat="47.809146" lon="10.909724">
				<ele>671.000000</ele>
			</trkpt>
			<trkpt lat="47.809194" lon="10.909850">
				<ele>671.000000</ele>
			</trkpt>
			<trkpt lat="47.809255" lon="10.910013">
				<ele>672.000000</ele>
			</trkpt>
			<trkpt lat="47.809321" lon="10.910147">
				<ele>672.000000</ele>
			</trkpt>
			<trkpt lat="47.809646" lon="10.910866">
				<ele>674.000000</ele>
			</trkpt>
			<trkpt lat="47.809827" lon="10.911207">
				<ele>675.000000</ele>
			</trkpt>
			<trkpt lat="47.809942" lon="10.911458">
				<ele>676.000000</ele>
			</trkpt>
			<trkpt lat="47.810117" lon="10.911871">
				<ele>677.000000</ele>
			</trkpt>
			<trkpt lat="47.810207" lon="10.912123">
				<ele>677.000000</ele>
			</trkpt>
			<trkpt lat="47.810310" lon="10.912429">
				<ele>678.000000</ele>
			</trkpt>
			<trkpt lat="47.810401" lon="10.912770">
				<ele>679.000000</ele>
			</trkpt>
			<trkpt lat="47.810515" lon="10.913229">
				<ele>680.000000</ele>
			</trkpt>
			<trkpt lat="47.810576" lon="10.913516">
				<ele>680.000000</ele>
			</trkpt>
			<trkpt lat="47.810630" lon="10.913821">
				<ele>681.000000</ele>
			</trkpt>
			<trkpt lat="47.810666" lon="10.914072">
				<ele>681.000000</ele>
			</trkpt>
			<trkpt lat="47.810708" lon="10.914189">
				<ele>682.000000</ele>
			</trkpt>
			<trkpt lat="47.810757" lon="10.914271">
				<ele>682.000000</ele>
			</trkpt>
			<trkpt lat="47.810835" lon="10.914351">
				<ele>682.000000</ele>
			</trkpt>
			<trkpt lat="47.810865" lon="10.914414">
				<ele>682.000000</ele>
			</trkpt>
			<trkpt lat="47.810877" lon="10.914458">
				<ele>682.000000</ele>
			</trkpt>
			<trkpt lat="47.810847" lon="10.914531">
				<ele>683.000000</ele>
			</trkpt>
			<trkpt lat="47.810799" lon="10.914638">
				<ele>683.000000</ele>
			</trkpt>
			<trkpt lat="47.810763" lon="10.914737">
				<ele>683.000000</ele>
			</trkpt>
			<trkpt lat="47.810738" lon="10.914791">
				<ele>683.000000</ele>
			</trkpt>
			<trkpt lat="47.810732" lon="10.914890">
				<ele>684.000000</ele>
			</trkpt>
			<trkpt lat="47.810720" lon="10.915007">
				<ele>684.000000</ele>
			</trkpt>
			<trkpt lat="47.810702" lon="10.915231">
				<ele>685.000000</ele>
			</trkpt>
			<trkpt lat="47.810678" lon="10.915474">
				<ele>685.000000</ele>
			</trkpt>
			<trkpt lat="47.810606" lon="10.915905">
				<ele>687.000000</ele>
			</trkpt>
			<trkpt lat="47.810479" lon="10.916445">
				<ele>688.000000</ele>
			</trkpt>
			<trkpt lat="47.810394" lon="10.916777">
				<ele>689.000000</ele>
			</trkpt>
			<trkpt lat="47.810322" lon="10.917055">
				<ele>690.000000</ele>
			</trkpt>
			<trkpt lat="47.810207" lon="10.917334">
				<ele>691.000000</ele>
			</trkpt>
			<trkpt lat="47.810081" lon="10.917594">
				<ele>692.000000</ele>
			</trkpt>
			<trkpt lat="47.809936" lon="10.917810">
				<ele>693.000000</ele>
			</trkpt>
			<trkpt lat="47.809851" lon="10.917926">
				<ele>693.000000</ele>
			</trkpt>
			<trkpt lat="47.809658" lon="10.918087">
				<ele>694.000000</ele>
			</trkpt>
			<trkpt lat="47.809622" lon="10.918177">
				<ele>694.000000</ele>
			</trkpt>
			<trkpt lat="47.809580" lon="10.918276">
				<ele>695.000000</ele>
			</trkpt>
			<trkpt lat="47.809544" lon="10.918250">
				<ele>695.000000</ele>
			</trkpt>
			<trkpt lat="47.809495" lon="10.918213">
				<ele>695.000000</ele>
			</trkpt>
			<trkpt lat="47.809333" lon="10.918429">
				<ele>696.000000</ele>
			</trkpt>
			<trkpt lat="47.809164" lon="10.918779">
				<ele>697.000000</ele>
			</trkpt>
			<trkpt lat="47.808977" lon="10.919229">
				<ele>698.000000</ele>
			</trkpt>
			<trkpt lat="47.808778" lon="10.919544">
				<ele>700.000000</ele>
			</trkpt>
			<trkpt lat="47.808573" lon="10.919813">
				<ele>701.000000</ele>
			</trkpt>
			<trkpt lat="47.808361" lon="10.919984">
				<ele>702.000000</ele>
			</trkpt>
			<trkpt lat="47.808277" lon="10.920037">
				<ele>702.000000</ele>
			</trkpt>
			<trkpt lat="47.808132" lon="10.920137">
				<ele>703.000000</ele>
			</trkpt>
			<trkpt lat="47.807987" lon="10.920226">
				<ele>704.000000</ele>
			</trkpt>
			<trkpt lat="47.807818" lon="10.920280">
				<ele>704.000000</ele>
			</trkpt>
			<trkpt lat="47.807619" lon="10.920334">
				<ele>705.000000</ele>
			</trkpt>
			<trkpt lat="47.807191" lon="10.920450">
				<ele>707.000000</ele>
			</trkpt>
			<trkpt lat="47.806829" lon="10.920531">
				<ele>709.000000</ele>
			</trkpt>
			<trkpt lat="47.806346" lon="10.920639">
				<ele>711.000000</ele>
			</trkpt>
			<trkpt lat="47.806135" lon="10.920676">
				<ele>711.000000</ele>
			</trkpt>
			<trkpt lat="47.805713" lon="10.920729">
				<ele>712.000000</ele>
			</trkpt>
			<trkpt lat="47.805278" lon="10.920766">
				<ele>714.000000</ele>
			</trkpt>
			<trkpt lat="47.804747" lon="10.920774">
				<ele>715.000000</ele>
			</trkpt>
			<trkpt lat="47.804530" lon="10.920774">
				<ele>716.000000</ele>
			</trkpt>
			<trkpt lat="47.804168" lon="10.920711">
				<ele>717.000000</ele>
			</trkpt>
			<trkpt lat="47.804096" lon="10.920613">
				<ele>717.000000</ele>
			</trkpt>
			<trkpt lat="47.803855" lon="10.920576">
				<ele>717.000000</ele>
			</trkpt>
			<trkpt lat="47.803535" lon="10.920523">
				<ele>718.000000</ele>
			</trkpt>
			<trkpt lat="47.803378" lon="10.920496">
				<ele>719.000000</ele>
			</trkpt>
			<trkpt lat="47.803287" lon="10.920477">
				<ele>719.000000</ele>
			</trkpt>
			<trkpt lat="47.803010" lon="10.920441">
				<ele>720.000000</ele>
			</trkpt>
			<trkpt lat="47.802660" lon="10.920370">
				<ele>720.000000</ele>
			</trkpt>
			<trkpt lat="47.802551" lon="10.920351">
				<ele>720.000000</ele>
			</trkpt>
			<trkpt lat="47.802509" lon="10.920351">
				<ele>720.000000</ele>
			</trkpt>
			<trkpt lat="47.802346" lon="10.920334">
				<ele>720.000000</ele>
			</trkpt>
			<trkpt lat="47.802177" lon="10.920334">
				<ele>720.000000</ele>
			</trkpt>
			<trkpt lat="47.802020" lon="10.920351">
				<ele>720.000000</ele>
			</trkpt>
			<trkpt lat="47.801875" lon="10.920361">
				<ele>720.000000</ele>
			</trkpt>
			<trkpt lat="47.801773" lon="10.920387">
				<ele>720.000000</ele>
			</trkpt>
			<trkpt lat="47.801561" lon="10.920424">
				<ele>720.000000</ele>
			</trkpt>
			<trkpt lat="47.801272" lon="10.920504">
				<ele>720.000000</ele>
			</trkpt>
			<trkpt lat="47.800879" lon="10.920666">
				<ele>720.000000</ele>
			</trkpt>
			<trkpt lat="47.800512" lon="10.920819">
				<ele>720.000000</ele>
			</trkpt>
			<trkpt lat="47.800301" lon="10.920873">
				<ele>720.000000</ele>
			</trkpt>
			<trkpt lat="47.800083" lon="10.920917">
				<ele>720.000000</ele>
			</trkpt>
			<trkpt lat="47.799872" lon="10.920953">
				<ele>720.000000</ele>
			</trkpt>
			<trkpt lat="47.799570" lon="10.921007">
				<ele>720.000000</ele>
			</trkpt>
			<trkpt lat="47.799432" lon="10.921026">
				<ele>720.000000</ele>
			</trkpt>
			<trkpt lat="47.799196" lon="10.921106">
				<ele>720.000000</ele>
			</trkpt>
			<trkpt lat="47.799160" lon="10.921116">
				<ele>720.000000</ele>
			</trkpt>
			<trkpt lat="47.799082" lon="10.921142">
				<ele>720.000000</ele>
			</trkpt>
			<trkpt lat="47.798846" lon="10.921277">
				<ele>720.000000</ele>
			</trkpt>
			<trkpt lat="47.798719" lon="10.921366">
				<ele>720.000000</ele>
			</trkpt>
			<trkpt lat="47.798581" lon="10.921492">
				<ele>720.000000</ele>
			</trkpt>
			<trkpt lat="47.798502" lon="10.921555">
				<ele>720.000000</ele>
			</trkpt>
			<trkpt lat="47.798363" lon="10.921682">
				<ele>720.000000</ele>
			</trkpt>
			<trkpt lat="47.798261" lon="10.921718">
				<ele>720.000000</ele>
			</trkpt>
			<trkpt lat="47.798243" lon="10.921708">
				<ele>720.000000</ele>
			</trkpt>
			<trkpt lat="47.798219" lon="10.921699">
				<ele>720.000000</ele>
			</trkpt>
			<trkpt lat="47.798200" lon="10.921708">
				<ele>720.000000</ele>
			</trkpt>
			<trkpt lat="47.798176" lon="10.921718">
				<ele>720.000000</ele>
			</trkpt>
			<trkpt lat="47.798158" lon="10.921735">
				<ele>720.000000</ele>
			</trkpt>
			<trkpt lat="47.798146" lon="10.921753">
				<ele>720.000000</ele>
			</trkpt>
			<trkpt lat="47.798128" lon="10.921781">
				<ele>720.000000</ele>
			</trkpt>
			<trkpt lat="47.798122" lon="10.921808">
				<ele>720.000000</ele>
			</trkpt>
			<trkpt lat="47.797977" lon="10.921852">
				<ele>720.000000</ele>
			</trkpt>
			<trkpt lat="47.797802" lon="10.921834">
				<ele>720.000000</ele>
			</trkpt>
			<trkpt lat="47.797712" lon="10.921816">
				<ele>720.000000</ele>
			</trkpt>
			<trkpt lat="47.797603" lon="10.921789">
				<ele>720.000000</ele>
			</trkpt>
			<trkpt lat="47.797446" lon="10.921726">
				<ele>720.000000</ele>
			</trkpt>
			<trkpt lat="47.797380" lon="10.921691">
				<ele>720.000000</ele>
			</trkpt>
			<trkpt lat="47.797331" lon="10.921682">
				<ele>720.000000</ele>
			</trkpt>
			<trkpt lat="47.797283" lon="10.921699">
				<ele>720.000000</ele>
			</trkpt>
			<trkpt lat="47.797205" lon="10.921789">
				<ele>720.000000</ele>
			</trkpt>
			<trkpt lat="47.797132" lon="10.921942">
				<ele>719.000000</ele>
			</trkpt>
			<trkpt lat="47.796861" lon="10.922643">
				<ele>711.000000</ele>
			</trkpt>
			<trkpt lat="47.796806" lon="10.922714">
				<ele>710.000000</ele>
			</trkpt>
			<trkpt lat="47.796704" lon="10.922661">
				<ele>711.000000</ele>
			</trkpt>
			<trkpt lat="47.796607" lon="10.922624">
				<ele>713.000000</ele>
			</trkpt>
			<trkpt lat="47.796571" lon="10.922615">
				<ele>713.000000</ele>
			</trkpt>
			<trkpt lat="47.796438" lon="10.922607">
				<ele>713.000000</ele>
			</trkpt>
			<trkpt lat="47.796305" lon="10.922607">
				<ele>713.000000</ele>
			</trkpt>
			<trkpt lat="47.796215" lon="10.922615">
				<ele>712.000000</ele>
			</trkpt>
			<trkpt lat="47.796130" lon="10.922634">
				<ele>712.000000</ele>
			</trkpt>
			<trkpt lat="47.796040" lon="10.922661">
				<ele>712.000000</ele>
			</trkpt>
			<trkpt lat="47.795907" lon="10.922714">
				<ele>712.000000</ele>
			</trkpt>
			<trkpt lat="47.795817" lon="10.922750">
				<ele>712.000000</ele>
			</trkpt>
			<trkpt lat="47.795678" lon="10.922787">
				<ele>712.000000</ele>
			</trkpt>
			<trkpt lat="47.795672" lon="10.922787">
				<ele>712.000000</ele>
			</trkpt>
			<trkpt lat="47.795624" lon="10.922795">
				<ele>712.000000</ele>
			</trkpt>
			<trkpt lat="47.795527" lon="10.922777">
				<ele>712.000000</ele>
			</trkpt>
			<trkpt lat="47.795473" lon="10.922750">
				<ele>712.000000</ele>
			</trkpt>
			<trkpt lat="47.795461" lon="10.922741">
				<ele>712.000000</ele>
			</trkpt>
			<trkpt lat="47.795370" lon="10.922687">
				<ele>712.000000</ele>
			</trkpt>
			<trkpt lat="47.795298" lon="10.922643">
				<ele>713.000000</ele>
			</trkpt>
			<trkpt lat="47.795213" lon="10.922588">
				<ele>713.000000</ele>
			</trkpt>
			<trkpt lat="47.795147" lon="10.922553">
				<ele>713.000000</ele>
			</trkpt>
			<trkpt lat="47.795074" lon="10.922525">
				<ele>713.000000</ele>
			</trkpt>
			<trkpt lat="47.794996" lon="10.922498">
				<ele>713.000000</ele>
			</trkpt>
			<trkpt lat="47.794936" lon="10.922490">
				<ele>714.000000</ele>
			</trkpt>
			<trkpt lat="47.794875" lon="10.922508">
				<ele>714.000000</ele>
			</trkpt>
			<trkpt lat="47.794839" lon="10.922544">
				<ele>714.000000</ele>
			</trkpt>
			<trkpt lat="47.794803" lon="10.922588">
				<ele>714.000000</ele>
			</trkpt>
			<trkpt lat="47.794730" lon="10.922813">
				<ele>714.000000</ele>
			</trkpt>
			<trkpt lat="47.794652" lon="10.923083">
				<ele>715.000000</ele>
			</trkpt>
			<trkpt lat="47.794561" lon="10.923290">
				<ele>715.000000</ele>
			</trkpt>
			<trkpt lat="47.794531" lon="10.923343">
				<ele>715.000000</ele>
			</trkpt>
			<trkpt lat="47.794495" lon="10.923406">
				<ele>716.000000</ele>
			</trkpt>
			<trkpt lat="47.794465" lon="10.923450">
				<ele>716.000000</ele>
			</trkpt>
			<trkpt lat="47.794398" lon="10.923523">
				<ele>716.000000</ele>
			</trkpt>
			<trkpt lat="47.794326" lon="10.923567">
				<ele>716.000000</ele>
			</trkpt>
			<trkpt lat="47.794211" lon="10.923595">
				<ele>716.000000</ele>
			</trkpt>
			<trkpt lat="47.793958" lon="10.923603">
				<ele>717.000000</ele>
			</trkpt>
			<trkpt lat="47.793819" lon="10.923603">
				<ele>717.000000</ele>
			</trkpt>
			<trkpt lat="47.793608" lon="10.923622">
				<ele>718.000000</ele>
			</trkpt>
			<trkpt lat="47.793415" lon="10.923666">
				<ele>718.000000</ele>
			</trkpt>
			<trkpt lat="47.793276" lon="10.923712">
				<ele>719.000000</ele>
			</trkpt>
			<trkpt lat="47.793107" lon="10.923766">
				<ele>719.000000</ele>
			</trkpt>
			<trkpt lat="47.792926" lon="10.923892">
				<ele>720.000000</ele>
			</trkpt>
			<trkpt lat="47.792866" lon="10.923945">
				<ele>720.000000</ele>
			</trkpt>
			<trkpt lat="47.792787" lon="10.924035">
				<ele>720.000000</ele>
			</trkpt>
			<trkpt lat="47.792781" lon="10.924043">
				<ele>720.000000</ele>
			</trkpt>
			<trkpt lat="47.792715" lon="10.924116">
				<ele>720.000000</ele>
			</trkpt>
			<trkpt lat="47.792365" lon="10.924511">
				<ele>721.000000</ele>
			</trkpt>
			<trkpt lat="47.792184" lon="10.924745">
				<ele>721.000000</ele>
			</trkpt>
			<trkpt lat="47.791749" lon="10.925454">
				<ele>723.000000</ele>
			</trkpt>
			<trkpt lat="47.791683" lon="10.925544">
				<ele>723.000000</ele>
			</trkpt>
			<trkpt lat="47.791550" lon="10.925679">
				<ele>723.000000</ele>
			</trkpt>
			<trkpt lat="47.791441" lon="10.925777">
				<ele>723.000000</ele>
			</trkpt>
			<trkpt lat="47.791260" lon="10.925921">
				<ele>724.000000</ele>
			</trkpt>
			<trkpt lat="47.791182" lon="10.925966">
				<ele>724.000000</ele>
			</trkpt>
			<trkpt lat="47.790971" lon="10.926066">
				<ele>724.000000</ele>
			</trkpt>
			<trkpt lat="47.790814" lon="10.926127">
				<ele>724.000000</ele>
			</trkpt>
			<trkpt lat="47.790711" lon="10.926163">
				<ele>725.000000</ele>
			</trkpt>
			<trkpt lat="47.790421" lon="10.926272">
				<ele>725.000000</ele>
			</trkpt>
			<trkpt lat="47.790150" lon="10.926379">
				<ele>726.000000</ele>
			</trkpt>
			<trkpt lat="47.790144" lon="10.926379">
				<ele>726.000000</ele>
			</trkpt>
			<trkpt lat="47.790138" lon="10.926379">
				<ele>726.000000</ele>
			</trkpt>
			<trkpt lat="47.789999" lon="10.926452">
				<ele>726.000000</ele>
			</trkpt>
			<trkpt lat="47.789872" lon="10.926515">
				<ele>726.000000</ele>
			</trkpt>
			<trkpt lat="47.789715" lon="10.926595">
				<ele>726.000000</ele>
			</trkpt>
			<trkpt lat="47.789631" lon="10.926632">
				<ele>727.000000</ele>
			</trkpt>
			<trkpt lat="47.789516" lon="10.926693">
				<ele>727.000000</ele>
			</trkpt>
			<trkpt lat="47.788738" lon="10.927081">
				<ele>728.000000</ele>
			</trkpt>
			<trkpt lat="47.788502" lon="10.927197">
				<ele>729.000000</ele>
			</trkpt>
			<trkpt lat="47.788406" lon="10.927242">
				<ele>729.000000</ele>
			</trkpt>
			<trkpt lat="47.788188" lon="10.927358">
				<ele>729.000000</ele>
			</trkpt>
			<trkpt lat="47.788019" lon="10.927439">
				<ele>730.000000</ele>
			</trkpt>
			<trkpt lat="47.787971" lon="10.927467">
				<ele>730.000000</ele>
			</trkpt>
			<trkpt lat="47.787953" lon="10.927475">
				<ele>730.000000</ele>
			</trkpt>
			<trkpt lat="47.787905" lon="10.927494">
				<ele>730.000000</ele>
			</trkpt>
			<trkpt lat="47.787875" lon="10.927511">
				<ele>730.000000</ele>
			</trkpt>
			<trkpt lat="47.787108" lon="10.927861">
				<ele>730.000000</ele>
			</trkpt>
			<trkpt lat="47.786849" lon="10.927987">
				<ele>730.000000</ele>
			</trkpt>
			<trkpt lat="47.786475" lon="10.928185">
				<ele>730.000000</ele>
			</trkpt>
			<trkpt lat="47.786372" lon="10.928240">
				<ele>730.000000</ele>
			</trkpt>
			<trkpt lat="47.786251" lon="10.928301">
				<ele>730.000000</ele>
			</trkpt>
			<trkpt lat="47.786131" lon="10.928374">
				<ele>730.000000</ele>
			</trkpt>
			<trkpt lat="47.785871" lon="10.928544">
				<ele>730.000000</ele>
			</trkpt>
			<trkpt lat="47.785545" lon="10.928760">
				<ele>730.000000</ele>
			</trkpt>
			<trkpt lat="47.785357" lon="10.928903">
				<ele>730.000000</ele>
			</trkpt>
			<trkpt lat="47.785164" lon="10.929083">
				<ele>730.000000</ele>
			</trkpt>
			<trkpt lat="47.784941" lon="10.929335">
				<ele>730.000000</ele>
			</trkpt>
			<trkpt lat="47.784675" lon="10.929712">
				<ele>730.000000</ele>
			</trkpt>
			<trkpt lat="47.784561" lon="10.929909">
				<ele>730.000000</ele>
			</trkpt>
			<trkpt lat="47.784416" lon="10.930188">
				<ele>730.000000</ele>
			</trkpt>
			<trkpt lat="47.784313" lon="10.930422">
				<ele>730.000000</ele>
			</trkpt>
			<trkpt lat="47.784277" lon="10.930521">
				<ele>730.000000</ele>
			</trkpt>
			<trkpt lat="47.784199" lon="10.930710">
				<ele>730.000000</ele>
			</trkpt>
			<trkpt lat="47.784066" lon="10.931131">
				<ele>730.000000</ele>
			</trkpt>
			<trkpt lat="47.783861" lon="10.931760">
				<ele>730.000000</ele>
			</trkpt>
			<trkpt lat="47.783722" lon="10.932111">
				<ele>730.000000</ele>
			</trkpt>
			<trkpt lat="47.783511" lon="10.932479">
				<ele>730.000000</ele>
			</trkpt>
			<trkpt lat="47.783287" lon="10.932848">
				<ele>730.000000</ele>
			</trkpt>
			<trkpt lat="47.783022" lon="10.933144">
				<ele>730.000000</ele>
			</trkpt>
			<trkpt lat="47.782714" lon="10.933414">
				<ele>730.000000</ele>
			</trkpt>
			<trkpt lat="47.782406" lon="10.933629">
				<ele>730.000000</ele>
			</trkpt>
			<trkpt lat="47.782430" lon="10.933817">
				<ele>726.000000</ele>
			</trkpt>
			<trkpt lat="47.782430" lon="10.934266">
				<ele>726.000000</ele>
			</trkpt>
			<trkpt lat="47.782406" lon="10.934932">
				<ele>726.000000</ele>
			</trkpt>
			<trkpt lat="47.782406" lon="10.935075">
				<ele>725.000000</ele>
			</trkpt>
			<trkpt lat="47.782400" lon="10.935534">
				<ele>725.000000</ele>
			</trkpt>
			<trkpt lat="47.782388" lon="10.936297">
				<ele>725.000000</ele>
			</trkpt>
			<trkpt lat="47.782382" lon="10.937087">
				<ele>725.000000</ele>
			</trkpt>
			<trkpt lat="47.782388" lon="10.937689">
				<ele>725.000000</ele>
			</trkpt>
			<trkpt lat="47.782412" lon="10.938228">
				<ele>725.000000</ele>
			</trkpt>
			<trkpt lat="47.782310" lon="10.938327">
				<ele>725.000000</ele>
			</trkpt>
			<trkpt lat="47.782080" lon="10.938435">
				<ele>725.000000</ele>
			</trkpt>
			<trkpt lat="47.781283" lon="10.938813">
				<ele>724.000000</ele>
			</trkpt>
			<trkpt lat="47.779225" lon="10.939792">
				<ele>724.000000</ele>
			</trkpt>
			<trkpt lat="47.779104" lon="10.939882">
				<ele>723.000000</ele>
			</trkpt>
			<trkpt lat="47.779037" lon="10.939972">
				<ele>723.000000</ele>
			</trkpt>
			<trkpt lat="47.778953" lon="10.940115">
				<ele>723.000000</ele>
			</trkpt>
			<trkpt lat="47.778911" lon="10.940259">
				<ele>723.000000</ele>
			</trkpt>
			<trkpt lat="47.778868" lon="10.940465">
				<ele>723.000000</ele>
			</trkpt>
			<trkpt lat="47.778874" lon="10.940698">
				<ele>723.000000</ele>
			</trkpt>
			<trkpt lat="47.779062" lon="10.941597">
				<ele>723.000000</ele>
			</trkpt>
			<trkpt lat="47.779098" lon="10.941830">
				<ele>723.000000</ele>
			</trkpt>
			<trkpt lat="47.779141" lon="10.941939">
				<ele>723.000000</ele>
			</trkpt>
			<trkpt lat="47.779092" lon="10.942019">
				<ele>723.000000</ele>
			</trkpt>
			<trkpt lat="47.779080" lon="10.942136">
				<ele>723.000000</ele>
			</trkpt>
			<trkpt lat="47.779092" lon="10.942289">
				<ele>723.000000</ele>
			</trkpt>
			<trkpt lat="47.779352" lon="10.944364">
				<ele>722.000000</ele>
			</trkpt>
			<trkpt lat="47.779382" lon="10.944553">
				<ele>722.000000</ele>
			</trkpt>
			<trkpt lat="47.779418" lon="10.944651">
				<ele>722.000000</ele>
			</trkpt>
			<trkpt lat="47.779503" lon="10.944723">
				<ele>722.000000</ele>
			</trkpt>
			<trkpt lat="47.779533" lon="10.944795">
				<ele>722.000000</ele>
			</trkpt>
			<trkpt lat="47.779545" lon="10.944858">
				<ele>722.000000</ele>
			</trkpt>
			<trkpt lat="47.779533" lon="10.944947">
				<ele>722.000000</ele>
			</trkpt>
			<trkpt lat="47.779497" lon="10.945065">
				<ele>722.000000</ele>
			</trkpt>
			<trkpt lat="47.779430" lon="10.945199">
				<ele>722.000000</ele>
			</trkpt>
			<trkpt lat="47.779370" lon="10.945298">
				<ele>722.000000</ele>
			</trkpt>
			<trkpt lat="47.779310" lon="10.945361">
				<ele>722.000000</ele>
			</trkpt>
			<trkpt lat="47.779219" lon="10.945406">
				<ele>722.000000</ele>
			</trkpt>
			<trkpt lat="47.779141" lon="10.945442">
				<ele>722.000000</ele>
			</trkpt>
			<trkpt lat="47.778947" lon="10.945532">
				<ele>722.000000</ele>
			</trkpt>
			<trkpt lat="47.778838" lon="10.945576">
				<ele>722.000000</ele>
			</trkpt>
			<trkpt lat="47.778760" lon="10.945648">
				<ele>722.000000</ele>
			</trkpt>
			<trkpt lat="47.778718" lon="10.945738">
				<ele>722.000000</ele>
			</trkpt>
			<trkpt lat="47.778699" lon="10.945819">
				<ele>722.000000</ele>
			</trkpt>
			<trkpt lat="47.778699" lon="10.945909">
				<ele>722.000000</ele>
			</trkpt>
			<trkpt lat="47.778718" lon="10.945998">
				<ele>722.000000</ele>
			</trkpt>
			<trkpt lat="47.778748" lon="10.946107">
				<ele>722.000000</ele>
			</trkpt>
			<trkpt lat="47.778784" lon="10.946259">
				<ele>722.000000</ele>
			</trkpt>
			<trkpt lat="47.778820" lon="10.946438">
				<ele>722.000000</ele>
			</trkpt>
			<trkpt lat="47.778832" lon="10.946673">
				<ele>722.000000</ele>
			</trkpt>
			<trkpt lat="47.778838" lon="10.946943">
				<ele>721.000000</ele>
			</trkpt>
			<trkpt lat="47.778832" lon="10.947050">
				<ele>721.000000</ele>
			</trkpt>
			<trkpt lat="47.778796" lon="10.947184">
				<ele>721.000000</ele>
			</trkpt>
			<trkpt lat="47.778766" lon="10.947283">
				<ele>721.000000</ele>
			</trkpt>
			<trkpt lat="47.778736" lon="10.947390">
				<ele>721.000000</ele>
			</trkpt>
			<trkpt lat="47.778579" lon="10.947867">
				<ele>721.000000</ele>
			</trkpt>
			<trkpt lat="47.778368" lon="10.948522">
				<ele>721.000000</ele>
			</trkpt>
			<trkpt lat="47.777975" lon="10.949690">
				<ele>721.000000</ele>
			</trkpt>
			<trkpt lat="47.777903" lon="10.949924">
				<ele>721.000000</ele>
			</trkpt>
			<trkpt lat="47.777843" lon="10.950185">
				<ele>721.000000</ele>
			</trkpt>
			<trkpt lat="47.777824" lon="10.950337">
				<ele>721.000000</ele>
			</trkpt>
			<trkpt lat="47.777806" lon="10.950490">
				<ele>721.000000</ele>
			</trkpt>
			<trkpt lat="47.777818" lon="10.951201">
				<ele>720.000000</ele>
			</trkpt>
			<trkpt lat="47.777830" lon="10.951254">
				<ele>720.000000</ele>
			</trkpt>
			<trkpt lat="47.777927" lon="10.951407">
				<ele>720.000000</ele>
			</trkpt>
			<trkpt lat="47.777987" lon="10.951541">
				<ele>720.000000</ele>
			</trkpt>
			<trkpt lat="47.777993" lon="10.951784">
				<ele>720.000000</ele>
			</trkpt>
			<trkpt lat="47.777969" lon="10.951910">
				<ele>720.000000</ele>
			</trkpt>
			<trkpt lat="47.777963" lon="10.951981">
				<ele>720.000000</ele>
			</trkpt>
			<trkpt lat="47.777975" lon="10.952054">
				<ele>720.000000</ele>
			</trkpt>
			<trkpt lat="47.778024" lon="10.952134">
				<ele>720.000000</ele>
			</trkpt>
			<trkpt lat="47.778150" lon="10.952224">
				<ele>720.000000</ele>
			</trkpt>
			<trkpt lat="47.778283" lon="10.952359">
				<ele>719.000000</ele>
			</trkpt>
			<trkpt lat="47.778355" lon="10.952440">
				<ele>719.000000</ele>
			</trkpt>
			<trkpt lat="47.778518" lon="10.952682">
				<ele>717.000000</ele>
			</trkpt>
			<trkpt lat="47.778663" lon="10.952987">
				<ele>715.000000</ele>
			</trkpt>
			<trkpt lat="47.778766" lon="10.953167">
				<ele>713.000000</ele>
			</trkpt>
			<trkpt lat="47.778838" lon="10.953293">
				<ele>712.000000</ele>
			</trkpt>
			<trkpt lat="47.778881" lon="10.953436">
				<ele>712.000000</ele>
			</trkpt>
			<trkpt lat="47.778856" lon="10.953671">
				<ele>710.000000</ele>
			</trkpt>
			<trkpt lat="47.778838" lon="10.953805">
				<ele>710.000000</ele>
			</trkpt>
			<trkpt lat="47.778838" lon="10.953967">
				<ele>709.000000</ele>
			</trkpt>
			<trkpt lat="47.778856" lon="10.954119">
				<ele>708.000000</ele>
			</trkpt>
			<trkpt lat="47.778887" lon="10.954201">
				<ele>708.000000</ele>
			</trkpt>
			<trkpt lat="47.778953" lon="10.954272">
				<ele>708.000000</ele>
			</trkpt>
			<trkpt lat="47.779037" lon="10.954327">
				<ele>707.000000</ele>
			</trkpt>
			<trkpt lat="47.779098" lon="10.954388">
				<ele>707.000000</ele>
			</trkpt>
			<trkpt lat="47.779201" lon="10.954398">
				<ele>706.000000</ele>
			</trkpt>
			<trkpt lat="47.779304" lon="10.954398">
				<ele>705.000000</ele>
			</trkpt>
			<trkpt lat="47.779412" lon="10.954470">
				<ele>705.000000</ele>
			</trkpt>
			<trkpt lat="47.779503" lon="10.954667">
				<ele>704.000000</ele>
			</trkpt>
			<trkpt lat="47.779575" lon="10.954838">
				<ele>703.000000</ele>
			</trkpt>
			<trkpt lat="47.779636" lon="10.954991">
				<ele>702.000000</ele>
			</trkpt>
			<trkpt lat="47.779684" lon="10.955134">
				<ele>702.000000</ele>
			</trkpt>
			<trkpt lat="47.779714" lon="10.955251">
				<ele>701.000000</ele>
			</trkpt>
			<trkpt lat="47.779708" lon="10.955430">
				<ele>700.000000</ele>
			</trkpt>
			<trkpt lat="47.779672" lon="10.955583">
				<ele>700.000000</ele>
			</trkpt>
			<trkpt lat="47.779623" lon="10.955665">
				<ele>699.000000</ele>
			</trkpt>
			<trkpt lat="47.779563" lon="10.955746">
				<ele>699.000000</ele>
			</trkpt>
			<trkpt lat="47.779485" lon="10.955817">
				<ele>698.000000</ele>
			</trkpt>
			<trkpt lat="47.779412" lon="10.955952">
				<ele>697.000000</ele>
			</trkpt>
			<trkpt lat="47.779394" lon="10.956078">
				<ele>696.000000</ele>
			</trkpt>
			<trkpt lat="47.779430" lon="10.956312">
				<ele>695.000000</ele>
			</trkpt>
			<trkpt lat="47.779442" lon="10.956438">
				<ele>694.000000</ele>
			</trkpt>
			<trkpt lat="47.779424" lon="10.956535">
				<ele>694.000000</ele>
			</trkpt>
			<trkpt lat="47.779400" lon="10.956590">
				<ele>693.000000</ele>
			</trkpt>
			<trkpt lat="47.779334" lon="10.956715">
				<ele>693.000000</ele>
			</trkpt>
			<trkpt lat="47.779207" lon="10.956814">
				<ele>692.000000</ele>
			</trkpt>
			<trkpt lat="47.779153" lon="10.956895">
				<ele>691.000000</ele>
			</trkpt>
			<trkpt lat="47.779092" lon="10.957012">
				<ele>690.000000</ele>
			</trkpt>
			<trkpt lat="47.779080" lon="10.957227">
				<ele>689.000000</ele>
			</trkpt>
			<trkpt lat="47.779135" lon="10.957506">
				<ele>688.000000</ele>
			</trkpt>
			<trkpt lat="47.779159" lon="10.957659">
				<ele>687.000000</ele>
			</trkpt>
			<trkpt lat="47.779141" lon="10.957803">
				<ele>686.000000</ele>
			</trkpt>
			<trkpt lat="47.779050" lon="10.957937">
				<ele>685.000000</ele>
			</trkpt>
			<trkpt lat="47.778971" lon="10.958046">
				<ele>684.000000</ele>
			</trkpt>
			<trkpt lat="47.778929" lon="10.958109">
				<ele>684.000000</ele>
			</trkpt>
			<trkpt lat="47.778887" lon="10.958243">
				<ele>683.000000</ele>
			</trkpt>
			<trkpt lat="47.778868" lon="10.958369">
				<ele>682.000000</ele>
			</trkpt>
			<trkpt lat="47.778881" lon="10.958495">
				<ele>682.000000</ele>
			</trkpt>
			<trkpt lat="47.778899" lon="10.958638">
				<ele>681.000000</ele>
			</trkpt>
			<trkpt lat="47.778917" lon="10.958818">
				<ele>680.000000</ele>
			</trkpt>
			<trkpt lat="47.778935" lon="10.958988">
				<ele>679.000000</ele>
			</trkpt>
			<trkpt lat="47.778923" lon="10.959159">
				<ele>678.000000</ele>
			</trkpt>
			<trkpt lat="47.778874" lon="10.959482">
				<ele>677.000000</ele>
			</trkpt>
			<trkpt lat="47.778778" lon="10.959841">
				<ele>675.000000</ele>
			</trkpt>
			<trkpt lat="47.778742" lon="10.960084">
				<ele>674.000000</ele>
			</trkpt>
			<trkpt lat="47.778706" lon="10.960254">
				<ele>673.000000</ele>
			</trkpt>
			<trkpt lat="47.778639" lon="10.960579">
				<ele>672.000000</ele>
			</trkpt>
			<trkpt lat="47.778591" lon="10.960776">
				<ele>671.000000</ele>
			</trkpt>
			<trkpt lat="47.778524" lon="10.961046">
				<ele>670.000000</ele>
			</trkpt>
			<trkpt lat="47.778476" lon="10.961252">
				<ele>669.000000</ele>
			</trkpt>
			<trkpt lat="47.778410" lon="10.961495">
				<ele>667.000000</ele>
			</trkpt>
			<trkpt lat="47.778349" lon="10.961675">
				<ele>667.000000</ele>
			</trkpt>
			<trkpt lat="47.778271" lon="10.961836">
				<ele>666.000000</ele>
			</trkpt>
			<trkpt lat="47.778187" lon="10.961944">
				<ele>665.000000</ele>
			</trkpt>
			<trkpt lat="47.778102" lon="10.962007">
				<ele>664.000000</ele>
			</trkpt>
			<trkpt lat="47.777981" lon="10.962105">
				<ele>663.000000</ele>
			</trkpt>
			<trkpt lat="47.777885" lon="10.962151">
				<ele>663.000000</ele>
			</trkpt>
			<trkpt lat="47.777758" lon="10.962195">
				<ele>662.000000</ele>
			</trkpt>
			<trkpt lat="47.777674" lon="10.962231">
				<ele>661.000000</ele>
			</trkpt>
			<trkpt lat="47.777601" lon="10.962285">
				<ele>661.000000</ele>
			</trkpt>
			<trkpt lat="47.777535" lon="10.962367">
				<ele>660.000000</ele>
			</trkpt>
			<trkpt lat="47.777505" lon="10.962474">
				<ele>660.000000</ele>
			</trkpt>
			<trkpt lat="47.777486" lon="10.962591">
				<ele>659.000000</ele>
			</trkpt>
			<trkpt lat="47.777474" lon="10.962707">
				<ele>659.000000</ele>
			</trkpt>
			<trkpt lat="47.777462" lon="10.962870">
				<ele>658.000000</ele>
			</trkpt>
			<trkpt lat="47.777438" lon="10.963030">
				<ele>657.000000</ele>
			</trkpt>
			<trkpt lat="47.777378" lon="10.963111">
				<ele>657.000000</ele>
			</trkpt>
			<trkpt lat="47.777245" lon="10.963237">
				<ele>656.000000</ele>
			</trkpt>
			<trkpt lat="47.777136" lon="10.963409">
				<ele>655.000000</ele>
			</trkpt>
			<trkpt lat="47.777022" lon="10.963615">
				<ele>654.000000</ele>
			</trkpt>
			<trkpt lat="47.776931" lon="10.963696">
				<ele>653.000000</ele>
			</trkpt>
			<trkpt lat="47.776859" lon="10.963767">
				<ele>652.000000</ele>
			</trkpt>
			<trkpt lat="47.776737" lon="10.963920">
				<ele>651.000000</ele>
			</trkpt>
			<trkpt lat="47.776671" lon="10.964046">
				<ele>651.000000</ele>
			</trkpt>
			<trkpt lat="47.776593" lon="10.964271">
				<ele>650.000000</ele>
			</trkpt>
			<trkpt lat="47.776472" lon="10.964441">
				<ele>650.000000</ele>
			</trkpt>
			<trkpt lat="47.776393" lon="10.964675">
				<ele>649.000000</ele>
			</trkpt>
			<trkpt lat="47.776303" lon="10.964864">
				<ele>649.000000</ele>
			</trkpt>
			<trkpt lat="47.776200" lon="10.964980">
				<ele>649.000000</ele>
			</trkpt>
			<trkpt lat="47.776098" lon="10.965025">
				<ele>649.000000</ele>
			</trkpt>
			<trkpt lat="47.776007" lon="10.965034">
				<ele>649.000000</ele>
			</trkpt>
			<trkpt lat="47.775893" lon="10.965088">
				<ele>649.000000</ele>
			</trkpt>
			<trkpt lat="47.775790" lon="10.965160">
				<ele>649.000000</ele>
			</trkpt>
			<trkpt lat="47.775693" lon="10.965277">
				<ele>648.000000</ele>
			</trkpt>
			<trkpt lat="47.775627" lon="10.965420">
				<ele>648.000000</ele>
			</trkpt>
			<trkpt lat="47.775579" lon="10.965600">
				<ele>648.000000</ele>
			</trkpt>
			<trkpt lat="47.775579" lon="10.965797">
				<ele>648.000000</ele>
			</trkpt>
			<trkpt lat="47.775579" lon="10.966120">
				<ele>648.000000</ele>
			</trkpt>
			<trkpt lat="47.775579" lon="10.966372">
				<ele>647.000000</ele>
			</trkpt>
			<trkpt lat="47.775579" lon="10.966516">
				<ele>647.000000</ele>
			</trkpt>
			<trkpt lat="47.775579" lon="10.966741">
				<ele>647.000000</ele>
			</trkpt>
			<trkpt lat="47.775518" lon="10.966929">
				<ele>647.000000</ele>
			</trkpt>
			<trkpt lat="47.775422" lon="10.967172">
				<ele>647.000000</ele>
			</trkpt>
			<trkpt lat="47.775361" lon="10.967397">
				<ele>646.000000</ele>
			</trkpt>
			<trkpt lat="47.775325" lon="10.967577">
				<ele>646.000000</ele>
			</trkpt>
			<trkpt lat="47.775283" lon="10.967818">
				<ele>646.000000</ele>
			</trkpt>
			<trkpt lat="47.775283" lon="10.968080">
				<ele>646.000000</ele>
			</trkpt>
			<trkpt lat="47.775307" lon="10.968322">
				<ele>646.000000</ele>
			</trkpt>
			<trkpt lat="47.775325" lon="10.968600">
				<ele>645.000000</ele>
			</trkpt>
			<trkpt lat="47.775343" lon="10.968950">
				<ele>645.000000</ele>
			</trkpt>
			<trkpt lat="47.775349" lon="10.969418">
				<ele>645.000000</ele>
			</trkpt>
			<trkpt lat="47.775392" lon="10.969858">
				<ele>644.000000</ele>
			</trkpt>
			<trkpt lat="47.775416" lon="10.970055">
				<ele>644.000000</ele>
			</trkpt>
			<trkpt lat="47.775464" lon="10.970325">
				<ele>644.000000</ele>
			</trkpt>
			<trkpt lat="47.775530" lon="10.970667">
				<ele>644.000000</ele>
			</trkpt>
			<trkpt lat="47.775633" lon="10.971223">
				<ele>643.000000</ele>
			</trkpt>
			<trkpt lat="47.775814" lon="10.972112">
				<ele>642.000000</ele>
			</trkpt>
			<trkpt lat="47.775868" lon="10.972382">
				<ele>642.000000</ele>
			</trkpt>
			<trkpt lat="47.775874" lon="10.972445">
				<ele>642.000000</ele>
			</trkpt>
			<trkpt lat="47.775887" lon="10.972571">
				<ele>642.000000</ele>
			</trkpt>
			<trkpt lat="47.775887" lon="10.972580">
				<ele>642.000000</ele>
			</trkpt>
			<trkpt lat="47.775941" lon="10.972778">
				<ele>642.000000</ele>
			</trkpt>
			<trkpt lat="47.776043" lon="10.973028">
				<ele>641.000000</ele>
			</trkpt>
			<trkpt lat="47.776098" lon="10.973181">
				<ele>641.000000</ele>
			</trkpt>
			<trkpt lat="47.776170" lon="10.973487">
				<ele>641.000000</ele>
			</trkpt>
			<trkpt lat="47.776224" lon="10.973873">
				<ele>641.000000</ele>
			</trkpt>
			<trkpt lat="47.776285" lon="10.974359">
				<ele>640.000000</ele>
			</trkpt>
			<trkpt lat="47.776285" lon="10.974457">
				<ele>640.000000</ele>
			</trkpt>
			<trkpt lat="47.776230" lon="10.974583">
				<ele>640.000000</ele>
			</trkpt>
			<trkpt lat="47.776176" lon="10.974726">
				<ele>640.000000</ele>
			</trkpt>
			<trkpt lat="47.776152" lon="10.974808">
				<ele>640.000000</ele>
			</trkpt>
			<trkpt lat="47.776128" lon="10.974898">
				<ele>640.000000</ele>
			</trkpt>
			<trkpt lat="47.776122" lon="10.974969">
				<ele>640.000000</ele>
			</trkpt>
			<trkpt lat="47.776176" lon="10.975059">
				<ele>639.000000</ele>
			</trkpt>
			<trkpt lat="47.776496" lon="10.975347">
				<ele>639.000000</ele>
			</trkpt>
			<trkpt lat="47.776587" lon="10.975437">
				<ele>639.000000</ele>
			</trkpt>
			<trkpt lat="47.776611" lon="10.975508">
				<ele>639.000000</ele>
			</trkpt>
			<trkpt lat="47.776611" lon="10.975607">
				<ele>639.000000</ele>
			</trkpt>
			<trkpt lat="47.776581" lon="10.975760">
				<ele>638.000000</ele>
			</trkpt>
			<trkpt lat="47.776538" lon="10.975931">
				<ele>638.000000</ele>
			</trkpt>
			<trkpt lat="47.776387" lon="10.976307">
				<ele>638.000000</ele>
			</trkpt>
			<trkpt lat="47.776110" lon="10.976820">
				<ele>637.000000</ele>
			</trkpt>
			<trkpt lat="47.775995" lon="10.977053">
				<ele>637.000000</ele>
			</trkpt>
			<trkpt lat="47.775736" lon="10.977215">
				<ele>637.000000</ele>
			</trkpt>
			<trkpt lat="47.775253" lon="10.977439">
				<ele>636.000000</ele>
			</trkpt>
			<trkpt lat="47.775005" lon="10.977485">
				<ele>636.000000</ele>
			</trkpt>
			<trkpt lat="47.774437" lon="10.977368">
				<ele>635.000000</ele>
			</trkpt>
			<trkpt lat="47.774220" lon="10.977376">
				<ele>635.000000</ele>
			</trkpt>
			<trkpt lat="47.773924" lon="10.977376">
				<ele>634.000000</ele>
			</trkpt>
			<trkpt lat="47.773755" lon="10.977439">
				<ele>634.000000</ele>
			</trkpt>
			<trkpt lat="47.773671" lon="10.977475">
				<ele>634.000000</ele>
			</trkpt>
			<trkpt lat="47.773496" lon="10.977529">
				<ele>634.000000</ele>
			</trkpt>
			<trkpt lat="47.773333" lon="10.977565">
				<ele>634.000000</ele>
			</trkpt>
			<trkpt lat="47.773224" lon="10.977583">
				<ele>633.000000</ele>
			</trkpt>
			<trkpt lat="47.773080" lon="10.977628">
				<ele>633.000000</ele>
			</trkpt>
			<trkpt lat="47.772989" lon="10.977682">
				<ele>633.000000</ele>
			</trkpt>
			<trkpt lat="47.772904" lon="10.977799">
				<ele>633.000000</ele>
			</trkpt>
			<trkpt lat="47.772771" lon="10.978015">
				<ele>633.000000</ele>
			</trkpt>
			<trkpt lat="47.772608" lon="10.978347">
				<ele>632.000000</ele>
			</trkpt>
			<trkpt lat="47.772512" lon="10.978590">
				<ele>632.000000</ele>
			</trkpt>
			<trkpt lat="47.772475" lon="10.978805">
				<ele>632.000000</ele>
			</trkpt>
			<trkpt lat="47.772481" lon="10.979147">
				<ele>632.000000</ele>
			</trkpt>
			<trkpt lat="47.772512" lon="10.979892">
				<ele>631.000000</ele>
			</trkpt>
			<trkpt lat="47.772572" lon="10.980691">
				<ele>630.000000</ele>
			</trkpt>
			<trkpt lat="47.772614" lon="10.981464">
				<ele>630.000000</ele>
			</trkpt>
			<trkpt lat="47.772608" lon="10.981904">
				<ele>630.000000</ele>
			</trkpt>
			<trkpt lat="47.772675" lon="10.982219">
				<ele>630.000000</ele>
			</trkpt>
			<trkpt lat="47.772747" lon="10.982479">
				<ele>630.000000</ele>
			</trkpt>
			<trkpt lat="47.772862" lon="10.982766">
				<ele>630.000000</ele>
			</trkpt>
			<trkpt lat="47.773019" lon="10.983091">
				<ele>630.000000</ele>
			</trkpt>
			<trkpt lat="47.773230" lon="10.983351">
				<ele>630.000000</ele>
			</trkpt>
			<trkpt lat="47.773502" lon="10.983728">
				<ele>630.000000</ele>
			</trkpt>
			<trkpt lat="47.773967" lon="10.984223">
				<ele>630.000000</ele>
			</trkpt>
			<trkpt lat="47.774244" lon="10.984546">
				<ele>630.000000</ele>
			</trkpt>
			<trkpt lat="47.774401" lon="10.984823">
				<ele>630.000000</ele>
			</trkpt>
			<trkpt lat="47.774552" lon="10.985175">
				<ele>630.000000</ele>
			</trkpt>
			<trkpt lat="47.774685" lon="10.985525">
				<ele>630.000000</ele>
			</trkpt>
			<trkpt lat="47.774842" lon="10.986018">
				<ele>630.000000</ele>
			</trkpt>
			<trkpt lat="47.774969" lon="10.986521">
				<ele>630.000000</ele>
			</trkpt>
			<trkpt lat="47.775066" lon="10.987465">
				<ele>630.000000</ele>
			</trkpt>
			<trkpt lat="47.775307" lon="10.988731">
				<ele>630.000000</ele>
			</trkpt>
			<trkpt lat="47.775446" lon="10.989584">
				<ele>630.000000</ele>
			</trkpt>
			<trkpt lat="47.775506" lon="10.990196">
				<ele>630.000000</ele>
			</trkpt>
			<trkpt lat="47.775555" lon="10.990475">
				<ele>630.000000</ele>
			</trkpt>
			<trkpt lat="47.775567" lon="10.990798">
				<ele>630.000000</ele>
			</trkpt>
			<trkpt lat="47.775549" lon="10.991310">
				<ele>630.000000</ele>
			</trkpt>
			<trkpt lat="47.775488" lon="10.991597">
				<ele>630.000000</ele>
			</trkpt>
			<trkpt lat="47.775380" lon="10.991966">
				<ele>630.000000</ele>
			</trkpt>
			<trkpt lat="47.775271" lon="10.992208">
				<ele>630.000000</ele>
			</trkpt>
			<trkpt lat="47.775120" lon="10.992540">
				<ele>630.000000</ele>
			</trkpt>
			<trkpt lat="47.774806" lon="10.993152">
				<ele>630.000000</ele>
			</trkpt>
			<trkpt lat="47.774637" lon="10.993492">
				<ele>630.000000</ele>
			</trkpt>
			<trkpt lat="47.774208" lon="10.994310">
				<ele>630.000000</ele>
			</trkpt>
			<trkpt lat="47.774027" lon="10.994643">
				<ele>630.000000</ele>
			</trkpt>
			<trkpt lat="47.773810" lon="10.994957">
				<ele>630.000000</ele>
			</trkpt>
			<trkpt lat="47.773568" lon="10.995271">
				<ele>630.000000</ele>
			</trkpt>
			<trkpt lat="47.773411" lon="10.995478">
				<ele>630.000000</ele>
			</trkpt>
			<trkpt lat="47.773267" lon="10.995676">
				<ele>630.000000</ele>
			</trkpt>
			<trkpt lat="47.773074" lon="10.995989">
				<ele>630.000000</ele>
			</trkpt>
			<trkpt lat="47.772922" lon="10.996376">
				<ele>630.000000</ele>
			</trkpt>
			<trkpt lat="47.772856" lon="10.996637">
				<ele>630.000000</ele>
			</trkpt>
			<trkpt lat="47.772807" lon="10.996934">
				<ele>630.000000</ele>
			</trkpt>
			<trkpt lat="47.772777" lon="10.997194">
				<ele>630.000000</ele>
			</trkpt>
			<trkpt lat="47.772765" lon="10.997400">
				<ele>630.000000</ele>
			</trkpt>
			<trkpt lat="47.772759" lon="10.997840">
				<ele>630.000000</ele>
			</trkpt>
			<trkpt lat="47.772771" lon="10.998100">
				<ele>630.000000</ele>
			</trkpt>
			<trkpt lat="47.772831" lon="10.998352">
				<ele>630.000000</ele>
			</trkpt>
			<trkpt lat="47.772977" lon="10.998712">
				<ele>630.000000</ele>
			</trkpt>
			<trkpt lat="47.773249" lon="10.999475">
				<ele>630.000000</ele>
			</trkpt>
			<trkpt lat="47.773562" lon="11.000473">
				<ele>630.000000</ele>
			</trkpt>
			<trkpt lat="47.773786" lon="11.001245">
				<ele>630.000000</ele>
			</trkpt>
			<trkpt lat="47.773955" lon="11.001829">
				<ele>630.000000</ele>
			</trkpt>
			<trkpt lat="47.774196" lon="11.002242">
				<ele>630.000000</ele>
			</trkpt>
			<trkpt lat="47.774317" lon="11.002458">
				<ele>630.000000</ele>
			</trkpt>
			<trkpt lat="47.774510" lon="11.002656">
				<ele>630.000000</ele>
			</trkpt>
			<trkpt lat="47.774558" lon="11.002628">
				<ele>630.000000</ele>
			</trkpt>
			<trkpt lat="47.774697" lon="11.003069">
				<ele>630.000000</ele>
			</trkpt>
			<trkpt lat="47.774703" lon="11.003536">
				<ele>630.000000</ele>
			</trkpt>
			<trkpt lat="47.774600" lon="11.003886">
				<ele>630.000000</ele>
			</trkpt>
			<trkpt lat="47.774510" lon="11.004192">
				<ele>630.000000</ele>
			</trkpt>
			<trkpt lat="47.774437" lon="11.004398">
				<ele>630.000000</ele>
			</trkpt>
			<trkpt lat="47.774359" lon="11.004695">
				<ele>630.000000</ele>
			</trkpt>
			<trkpt lat="47.774232" lon="11.004974">
				<ele>630.000000</ele>
			</trkpt>
			<trkpt lat="47.774154" lon="11.005270">
				<ele>630.000000</ele>
			</trkpt>
			<trkpt lat="47.774045" lon="11.005629">
				<ele>630.000000</ele>
			</trkpt>
			<trkpt lat="47.773991" lon="11.005889">
				<ele>630.000000</ele>
			</trkpt>
			<trkpt lat="47.773973" lon="11.006132">
				<ele>630.000000</ele>
			</trkpt>
			<trkpt lat="47.774015" lon="11.007255">
				<ele>630.000000</ele>
			</trkpt>
			<trkpt lat="47.774009" lon="11.007597">
				<ele>629.000000</ele>
			</trkpt>
			<trkpt lat="47.773985" lon="11.008126">
				<ele>629.000000</ele>
			</trkpt>
			<trkpt lat="47.773882" lon="11.008926">
				<ele>628.000000</ele>
			</trkpt>
			<trkpt lat="47.773822" lon="11.009509">
				<ele>627.000000</ele>
			</trkpt>
			<trkpt lat="47.773810" lon="11.009887">
				<ele>627.000000</ele>
			</trkpt>
			<trkpt lat="47.773786" lon="11.010031">
				<ele>626.000000</ele>
			</trkpt>
			<trkpt lat="47.773755" lon="11.010130">
				<ele>626.000000</ele>
			</trkpt>
			<trkpt lat="47.773587" lon="11.010587">
				<ele>626.000000</ele>
			</trkpt>
			<trkpt lat="47.773321" lon="11.011090">
				<ele>625.000000</ele>
			</trkpt>
			<trkpt lat="47.773194" lon="11.011423">
				<ele>625.000000</ele>
			</trkpt>
			<trkpt lat="47.773140" lon="11.011683">
				<ele>624.000000</ele>
			</trkpt>
			<trkpt lat="47.773031" lon="11.011998">
				<ele>624.000000</ele>
			</trkpt>
			<trkpt lat="47.772892" lon="11.012241">
				<ele>624.000000</ele>
			</trkpt>
			<trkpt lat="47.772735" lon="11.012465">
				<ele>623.000000</ele>
			</trkpt>
			<trkpt lat="47.772590" lon="11.012635">
				<ele>623.000000</ele>
			</trkpt>
			<trkpt lat="47.772512" lon="11.012851">
				<ele>623.000000</ele>
			</trkpt>
			<trkpt lat="47.772439" lon="11.013157">
				<ele>622.000000</ele>
			</trkpt>
			<trkpt lat="47.772367" lon="11.013553">
				<ele>622.000000</ele>
			</trkpt>
			<trkpt lat="47.772312" lon="11.013983">
				<ele>621.000000</ele>
			</trkpt>
			<trkpt lat="47.772252" lon="11.014459">
				<ele>621.000000</ele>
			</trkpt>
			<trkpt lat="47.772168" lon="11.014774">
				<ele>621.000000</ele>
			</trkpt>
			<trkpt lat="47.772071" lon="11.015008">
				<ele>620.000000</ele>
			</trkpt>
			<trkpt lat="47.771950" lon="11.015232">
				<ele>620.000000</ele>
			</trkpt>
			<trkpt lat="47.771781" lon="11.015600">
				<ele>620.000000</ele>
			</trkpt>
			<trkpt lat="47.771697" lon="11.015861">
				<ele>619.000000</ele>
			</trkpt>
			<trkpt lat="47.771631" lon="11.016157">
				<ele>619.000000</ele>
			</trkpt>
			<trkpt lat="47.771600" lon="11.016499">
				<ele>619.000000</ele>
			</trkpt>
			<trkpt lat="47.771582" lon="11.016885">
				<ele>619.000000</ele>
			</trkpt>
			<trkpt lat="47.771600" lon="11.017604">
				<ele>618.000000</ele>
			</trkpt>
			<trkpt lat="47.771612" lon="11.017729">
				<ele>618.000000</ele>
			</trkpt>
			<trkpt lat="47.771691" lon="11.018151">
				<ele>618.000000</ele>
			</trkpt>
			<trkpt lat="47.771733" lon="11.018403">
				<ele>618.000000</ele>
			</trkpt>
			<trkpt lat="47.771745" lon="11.018681">
				<ele>618.000000</ele>
			</trkpt>
			<trkpt lat="47.771757" lon="11.019302">
				<ele>617.000000</ele>
			</trkpt>
			<trkpt lat="47.771775" lon="11.019805">
				<ele>617.000000</ele>
			</trkpt>
			<trkpt lat="47.771793" lon="11.019993">
				<ele>617.000000</ele>
			</trkpt>
			<trkpt lat="47.771830" lon="11.020191">
				<ele>617.000000</ele>
			</trkpt>
			<trkpt lat="47.771890" lon="11.020379">
				<ele>617.000000</ele>
			</trkpt>
			<trkpt lat="47.771938" lon="11.020522">
				<ele>617.000000</ele>
			</trkpt>
			<trkpt lat="47.771981" lon="11.020721">
				<ele>616.000000</ele>
			</trkpt>
			<trkpt lat="47.771993" lon="11.020910">
				<ele>616.000000</ele>
			</trkpt>
			<trkpt lat="47.772011" lon="11.021233">
				<ele>616.000000</ele>
			</trkpt>
			<trkpt lat="47.772041" lon="11.021529">
				<ele>616.000000</ele>
			</trkpt>
			<trkpt lat="47.772282" lon="11.022841">
				<ele>615.000000</ele>
			</trkpt>
			<trkpt lat="47.772409" lon="11.023577">
				<ele>615.000000</ele>
			</trkpt>
			<trkpt lat="47.772439" lon="11.023757">
				<ele>614.000000</ele>
			</trkpt>
			<trkpt lat="47.772463" lon="11.023973">
				<ele>614.000000</ele>
			</trkpt>
			<trkpt lat="47.772469" lon="11.024170">
				<ele>614.000000</ele>
			</trkpt>
			<trkpt lat="47.772457" lon="11.024394">
				<ele>614.000000</ele>
			</trkpt>
			<trkpt lat="47.772451" lon="11.024880">
				<ele>614.000000</ele>
			</trkpt>
			<trkpt lat="47.772421" lon="11.025158">
				<ele>614.000000</ele>
			</trkpt>
			<trkpt lat="47.772427" lon="11.025401">
				<ele>613.000000</ele>
			</trkpt>
			<trkpt lat="47.772439" lon="11.025581">
				<ele>613.000000</ele>
			</trkpt>
			<trkpt lat="47.772481" lon="11.025859">
				<ele>613.000000</ele>
			</trkpt>
			<trkpt lat="47.772560" lon="11.026147">
				<ele>613.000000</ele>
			</trkpt>
			<trkpt lat="47.772656" lon="11.026560">
				<ele>613.000000</ele>
			</trkpt>
			<trkpt lat="47.772693" lon="11.026883">
				<ele>613.000000</ele>
			</trkpt>
			<trkpt lat="47.772705" lon="11.027153">
				<ele>612.000000</ele>
			</trkpt>
			<trkpt lat="47.772729" lon="11.027493">
				<ele>612.000000</ele>
			</trkpt>
			<trkpt lat="47.772747" lon="11.027872">
				<ele>612.000000</ele>
			</trkpt>
			<trkpt lat="47.772753" lon="11.028168">
				<ele>612.000000</ele>
			</trkpt>
			<trkpt lat="47.772759" lon="11.028392">
				<ele>612.000000</ele>
			</trkpt>
			<trkpt lat="47.772783" lon="11.028562">
				<ele>611.000000</ele>
			</trkpt>
			<trkpt lat="47.772819" lon="11.028734">
				<ele>611.000000</ele>
			</trkpt>
			<trkpt lat="47.772886" lon="11.028914">
				<ele>611.000000</ele>
			</trkpt>
			<trkpt lat="47.772953" lon="11.029084">
				<ele>611.000000</ele>
			</trkpt>
			<trkpt lat="47.772983" lon="11.029183">
				<ele>611.000000</ele>
			</trkpt>
			<trkpt lat="47.773001" lon="11.029317">
				<ele>611.000000</ele>
			</trkpt>
			<trkpt lat="47.773007" lon="11.029453">
				<ele>611.000000</ele>
			</trkpt>
			<trkpt lat="47.773001" lon="11.029533">
				<ele>611.000000</ele>
			</trkpt>
			<trkpt lat="47.772983" lon="11.029784">
				<ele>611.000000</ele>
			</trkpt>
			<trkpt lat="47.772965" lon="11.030315">
				<ele>610.000000</ele>
			</trkpt>
			<trkpt lat="47.772959" lon="11.030413">
				<ele>610.000000</ele>
			</trkpt>
			<trkpt lat="47.772940" lon="11.030585">
				<ele>610.000000</ele>
			</trkpt>
			<trkpt lat="47.772916" lon="11.030746">
				<ele>610.000000</ele>
			</trkpt>
			<trkpt lat="47.772868" lon="11.030952">
				<ele>610.000000</ele>
			</trkpt>
			<trkpt lat="47.772747" lon="11.031420">
				<ele>610.000000</ele>
			</trkpt>
			<trkpt lat="47.772723" lon="11.031564">
				<ele>610.000000</ele>
			</trkpt>
			<trkpt lat="47.772717" lon="11.031707">
				<ele>610.000000</ele>
			</trkpt>
			<trkpt lat="47.772723" lon="11.031824">
				<ele>610.000000</ele>
			</trkpt>
			<trkpt lat="47.772759" lon="11.032156">
				<ele>609.000000</ele>
			</trkpt>
			<trkpt lat="47.772825" lon="11.032560">
				<ele>609.000000</ele>
			</trkpt>
			<trkpt lat="47.772886" lon="11.032848">
				<ele>609.000000</ele>
			</trkpt>
			<trkpt lat="47.772916" lon="11.032938">
				<ele>609.000000</ele>
			</trkpt>
			<trkpt lat="47.772916" lon="11.032938">
				<ele>609.000000</ele>
			</trkpt>
			<trkpt lat="47.773080" lon="11.033459">
				<ele>609.000000</ele>
			</trkpt>
			<trkpt lat="47.773363" lon="11.034034">
				<ele>609.000000</ele>
			</trkpt>
			<trkpt lat="47.773587" lon="11.034366">
				<ele>608.000000</ele>
			</trkpt>
			<trkpt lat="47.774033" lon="11.034770">
				<ele>608.000000</ele>
			</trkpt>
			<trkpt lat="47.774462" lon="11.035076">
				<ele>608.000000</ele>
			</trkpt>
			<trkpt lat="47.775168" lon="11.035533">
				<ele>607.000000</ele>
			</trkpt>
			<trkpt lat="47.775380" lon="11.035650">
				<ele>607.000000</ele>
			</trkpt>
			<trkpt lat="47.775621" lon="11.035759">
				<ele>607.000000</ele>
			</trkpt>
			<trkpt lat="47.776074" lon="11.035938">
				<ele>607.000000</ele>
			</trkpt>
			<trkpt lat="47.776237" lon="11.035992">
				<ele>606.000000</ele>
			</trkpt>
			<trkpt lat="47.776913" lon="11.036172">
				<ele>606.000000</ele>
			</trkpt>
			<trkpt lat="47.777758" lon="11.036396">
				<ele>605.000000</ele>
			</trkpt>
			<trkpt lat="47.777975" lon="11.036451">
				<ele>605.000000</ele>
			</trkpt>
			<trkpt lat="47.778156" lon="11.036432">
				<ele>607.000000</ele>
			</trkpt>
			<trkpt lat="47.778410" lon="11.036378">
				<ele>610.000000</ele>
			</trkpt>
			<trkpt lat="47.778669" lon="11.036315">
				<ele>611.000000</ele>
			</trkpt>
			<trkpt lat="47.778796" lon="11.036261">
				<ele>612.000000</ele>
			</trkpt>
			<trkpt lat="47.778905" lon="11.036181">
				<ele>612.000000</ele>
			</trkpt>
			<trkpt lat="47.779031" lon="11.036009">
				<ele>613.000000</ele>
			</trkpt>
			<trkpt lat="47.779092" lon="11.035839">
				<ele>614.000000</ele>
			</trkpt>
			<trkpt lat="47.779159" lon="11.035552">
				<ele>615.000000</ele>
			</trkpt>
			<trkpt lat="47.779207" lon="11.035390">
				<ele>615.000000</ele>
			</trkpt>
			<trkpt lat="47.779255" lon="11.035273">
				<ele>615.000000</ele>
			</trkpt>
			<trkpt lat="47.779322" lon="11.035183">
				<ele>616.000000</ele>
			</trkpt>
			<trkpt lat="47.779418" lon="11.035093">
				<ele>616.000000</ele>
			</trkpt>
			<trkpt lat="47.779509" lon="11.035022">
				<ele>617.000000</ele>
			</trkpt>
			<trkpt lat="47.779599" lon="11.034950">
				<ele>617.000000</ele>
			</trkpt>
			<trkpt lat="47.779684" lon="11.034896">
				<ele>618.000000</ele>
			</trkpt>
			<trkpt lat="47.779750" lon="11.034869">
				<ele>618.000000</ele>
			</trkpt>
			<trkpt lat="47.779805" lon="11.034860">
				<ele>618.000000</ele>
			</trkpt>
			<trkpt lat="47.779853" lon="11.034869">
				<ele>619.000000</ele>
			</trkpt>
			<trkpt lat="47.779998" lon="11.034932">
				<ele>619.000000</ele>
			</trkpt>
			<trkpt lat="47.780040" lon="11.034967">
				<ele>620.000000</ele>
			</trkpt>
			<trkpt lat="47.780070" lon="11.035013">
				<ele>620.000000</ele>
			</trkpt>
			<trkpt lat="47.780100" lon="11.035093">
				<ele>620.000000</ele>
			</trkpt>
			<trkpt lat="47.780106" lon="11.035219">
				<ele>620.000000</ele>
			</trkpt>
			<trkpt lat="47.780088" lon="11.035372">
				<ele>621.000000</ele>
			</trkpt>
			<trkpt lat="47.780034" lon="11.035569">
				<ele>622.000000</ele>
			</trkpt>
			<trkpt lat="47.780016" lon="11.035812">
				<ele>622.000000</ele>
			</trkpt>
			<trkpt lat="47.780034" lon="11.036064">
				<ele>623.000000</ele>
			</trkpt>
			<trkpt lat="47.780058" lon="11.036342">
				<ele>624.000000</ele>
			</trkpt>
			<trkpt lat="47.780094" lon="11.036684">
				<ele>625.000000</ele>
			</trkpt>
			<trkpt lat="47.780143" lon="11.036944">
				<ele>626.000000</ele>
			</trkpt>
			<trkpt lat="47.780209" lon="11.037204">
				<ele>627.000000</ele>
			</trkpt>
			<trkpt lat="47.780318" lon="11.037519">
				<ele>628.000000</ele>
			</trkpt>
			<trkpt lat="47.780408" lon="11.037789">
				<ele>629.000000</ele>
			</trkpt>
			<trkpt lat="47.780499" lon="11.038004">
				<ele>630.000000</ele>
			</trkpt>
			<trkpt lat="47.780577" lon="11.038156">
				<ele>630.000000</ele>
			</trkpt>
			<trkpt lat="47.780692" lon="11.038319">
				<ele>630.000000</ele>
			</trkpt>
			<trkpt lat="47.780776" lon="11.038426">
				<ele>630.000000</ele>
			</trkpt>
			<trkpt lat="47.780873" lon="11.038480">
				<ele>630.000000</ele>
			</trkpt>
			<trkpt lat="47.780963" lon="11.038498">
				<ele>630.000000</ele>
			</trkpt>
			<trkpt lat="47.780951" lon="11.039244">
				<ele>630.000000</ele>
			</trkpt>
			<trkpt lat="47.780987" lon="11.040206">
				<ele>629.000000</ele>
			</trkpt>
			<trkpt lat="47.781036" lon="11.040762">
				<ele>627.000000</ele>
			</trkpt>
			<trkpt lat="47.781132" lon="11.041139">
				<ele>626.000000</ele>
			</trkpt>
			<trkpt lat="47.781259" lon="11.041571">
				<ele>624.000000</ele>
			</trkpt>
			<trkpt lat="47.781271" lon="11.041741">
				<ele>623.000000</ele>
			</trkpt>
			<trkpt lat="47.781265" lon="11.041903">
				<ele>623.000000</ele>
			</trkpt>
			<trkpt lat="47.781392" lon="11.042011">
				<ele>621.000000</ele>
			</trkpt>
			<trkpt lat="47.781525" lon="11.042290">
				<ele>620.000000</ele>
			</trkpt>
			<trkpt lat="47.781693" lon="11.042577">
				<ele>619.000000</ele>
			</trkpt>
			<trkpt lat="47.781857" lon="11.042828">
				<ele>618.000000</ele>
			</trkpt>
			<trkpt lat="47.782207" lon="11.043259">
				<ele>616.000000</ele>
			</trkpt>
			<trkpt lat="47.782509" lon="11.043600">
				<ele>614.000000</ele>
			</trkpt>
			<trkpt lat="47.782708" lon="11.043879">
				<ele>613.000000</ele>
			</trkpt>
			<trkpt lat="47.782720" lon="11.043898">
				<ele>613.000000</ele>
			</trkpt>
			<trkpt lat="47.782847" lon="11.044076">
				<ele>612.000000</ele>
			</trkpt>
			<trkpt lat="47.783040" lon="11.044544">
				<ele>611.000000</ele>
			</trkpt>
			<trkpt lat="47.783239" lon="11.045227">
				<ele>609.000000</ele>
			</trkpt>
			<trkpt lat="47.783318" lon="11.045506">
				<ele>608.000000</ele>
			</trkpt>
			<trkpt lat="47.783342" lon="11.045577">
				<ele>608.000000</ele>
			</trkpt>
			<trkpt lat="47.784060" lon="11.044858">
				<ele>606.000000</ele>
			</trkpt>
			<trkpt lat="47.784126" lon="11.044814">
				<ele>606.000000</ele>
			</trkpt>
			<trkpt lat="47.784175" lon="11.044822">
				<ele>606.000000</ele>
			</trkpt>
			<trkpt lat="47.784247" lon="11.044894">
				<ele>605.000000</ele>
			</trkpt>
			<trkpt lat="47.784736" lon="11.045730">
				<ele>604.000000</ele>
			</trkpt>
			<trkpt lat="47.785110" lon="11.046385">
				<ele>602.000000</ele>
			</trkpt>
			<trkpt lat="47.785297" lon="11.046781">
				<ele>602.000000</ele>
			</trkpt>
			<trkpt lat="47.785545" lon="11.047697">
				<ele>600.000000</ele>
			</trkpt>
			<trkpt lat="47.785756" lon="11.047554">
				<ele>600.000000</ele>
			</trkpt>
			<trkpt lat="47.785913" lon="11.047481">
				<ele>600.000000</ele>
			</trkpt>
			<trkpt lat="47.786004" lon="11.047454">
				<ele>600.000000</ele>
			</trkpt>
			<trkpt lat="47.786046" lon="11.047382">
				<ele>600.000000</ele>
			</trkpt>
			<trkpt lat="47.786245" lon="11.047355">
				<ele>602.000000</ele>
			</trkpt>
			<trkpt lat="47.786306" lon="11.047347">
				<ele>602.000000</ele>
			</trkpt>
			<trkpt lat="47.786456" lon="11.047355">
				<ele>603.000000</ele>
			</trkpt>
			<trkpt lat="47.786704" lon="11.047391">
				<ele>604.000000</ele>
			</trkpt>
			<trkpt lat="47.786915" lon="11.047472">
				<ele>605.000000</ele>
			</trkpt>
			<trkpt lat="47.787132" lon="11.047590">
				<ele>607.000000</ele>
			</trkpt>
			<trkpt lat="47.787386" lon="11.047769">
				<ele>608.000000</ele>
			</trkpt>
			<trkpt lat="47.787609" lon="11.047921">
				<ele>610.000000</ele>
			</trkpt>
			<trkpt lat="47.787766" lon="11.048038">
				<ele>610.000000</ele>
			</trkpt>
			<trkpt lat="47.787905" lon="11.048146">
				<ele>610.000000</ele>
			</trkpt>
			<trkpt lat="47.788019" lon="11.048272">
				<ele>610.000000</ele>
			</trkpt>
			<trkpt lat="47.788116" lon="11.048389">
				<ele>609.000000</ele>
			</trkpt>
			<trkpt lat="47.788207" lon="11.048514">
				<ele>609.000000</ele>
			</trkpt>
			<trkpt lat="47.788490" lon="11.048919">
				<ele>607.000000</ele>
			</trkpt>
			<trkpt lat="47.788617" lon="11.049089">
				<ele>606.000000</ele>
			</trkpt>
			<trkpt lat="47.788780" lon="11.049368">
				<ele>606.000000</ele>
			</trkpt>
			<trkpt lat="47.788961" lon="11.049709">
				<ele>604.000000</ele>
			</trkpt>
			<trkpt lat="47.789045" lon="11.049862">
				<ele>604.000000</ele>
			</trkpt>
			<trkpt lat="47.789112" lon="11.049970">
				<ele>604.000000</ele>
			</trkpt>
			<trkpt lat="47.789226" lon="11.050240">
				<ele>603.000000</ele>
			</trkpt>
			<trkpt lat="47.789311" lon="11.050481">
				<ele>602.000000</ele>
			</trkpt>
			<trkpt lat="47.789389" lon="11.050778">
				<ele>601.000000</ele>
			</trkpt>
			<trkpt lat="47.789462" lon="11.051093">
				<ele>600.000000</ele>
			</trkpt>
			<trkpt lat="47.789516" lon="11.051309">
				<ele>600.000000</ele>
			</trkpt>
			<trkpt lat="47.789601" lon="11.051586">
				<ele>600.000000</ele>
			</trkpt>
			<trkpt lat="47.789745" lon="11.052054">
				<ele>600.000000</ele>
			</trkpt>
			<trkpt lat="47.789842" lon="11.052324">
				<ele>600.000000</ele>
			</trkpt>
			<trkpt lat="47.789951" lon="11.052593">
				<ele>600.000000</ele>
			</trkpt>
			<trkpt lat="47.790041" lon="11.052772">
				<ele>600.000000</ele>
			</trkpt>
			<trkpt lat="47.790138" lon="11.052952">
				<ele>600.000000</ele>
			</trkpt>
			<trkpt lat="47.790307" lon="11.053257">
				<ele>600.000000</ele>
			</trkpt>
			<trkpt lat="47.790566" lon="11.053670">
				<ele>600.000000</ele>
			</trkpt>
			<trkpt lat="47.790753" lon="11.053949">
				<ele>600.000000</ele>
			</trkpt>
			<trkpt lat="47.790850" lon="11.054093">
				<ele>599.000000</ele>
			</trkpt>
			<trkpt lat="47.791007" lon="11.054506">
				<ele>599.000000</ele>
			</trkpt>
			<trkpt lat="47.791121" lon="11.054829">
				<ele>599.000000</ele>
			</trkpt>
			<trkpt lat="47.791146" lon="11.054919">
				<ele>598.000000</ele>
			</trkpt>
			<trkpt lat="47.791176" lon="11.055036">
				<ele>598.000000</ele>
			</trkpt>
			<trkpt lat="47.791206" lon="11.055188">
				<ele>598.000000</ele>
			</trkpt>
			<trkpt lat="47.791218" lon="11.055360">
				<ele>598.000000</ele>
			</trkpt>
			<trkpt lat="47.791242" lon="11.055630">
				<ele>598.000000</ele>
			</trkpt>
			<trkpt lat="47.791248" lon="11.055791">
				<ele>598.000000</ele>
			</trkpt>
			<trkpt lat="47.791357" lon="11.056016">
				<ele>597.000000</ele>
			</trkpt>
			<trkpt lat="47.791490" lon="11.056375">
				<ele>597.000000</ele>
			</trkpt>
			<trkpt lat="47.791882" lon="11.057498">
				<ele>596.000000</ele>
			</trkpt>
			<trkpt lat="47.792093" lon="11.057955">
				<ele>595.000000</ele>
			</trkpt>
			<trkpt lat="47.792232" lon="11.058198">
				<ele>595.000000</ele>
			</trkpt>
			<trkpt lat="47.792280" lon="11.058324">
				<ele>595.000000</ele>
			</trkpt>
			<trkpt lat="47.792298" lon="11.058477">
				<ele>595.000000</ele>
			</trkpt>
			<trkpt lat="47.792461" lon="11.058594">
				<ele>594.000000</ele>
			</trkpt>
			<trkpt lat="47.792709" lon="11.058863">
				<ele>594.000000</ele>
			</trkpt>
			<trkpt lat="47.793095" lon="11.059213">
				<ele>593.000000</ele>
			</trkpt>
			<trkpt lat="47.793234" lon="11.059286">
				<ele>593.000000</ele>
			</trkpt>
			<trkpt lat="47.793372" lon="11.059339">
				<ele>593.000000</ele>
			</trkpt>
			<trkpt lat="47.793535" lon="11.059402">
				<ele>593.000000</ele>
			</trkpt>
			<trkpt lat="47.793698" lon="11.059438">
				<ele>593.000000</ele>
			</trkpt>
			<trkpt lat="47.793982" lon="11.059473">
				<ele>592.000000</ele>
			</trkpt>
			<trkpt lat="47.794278" lon="11.059510">
				<ele>592.000000</ele>
			</trkpt>
			<trkpt lat="47.794513" lon="11.059563">
				<ele>591.000000</ele>
			</trkpt>
			<trkpt lat="47.794761" lon="11.059636">
				<ele>591.000000</ele>
			</trkpt>
			<trkpt lat="47.795092" lon="11.059878">
				<ele>591.000000</ele>
			</trkpt>
			<trkpt lat="47.795280" lon="11.059986">
				<ele>590.000000</ele>
			</trkpt>
			<trkpt lat="47.795442" lon="11.060058">
				<ele>590.000000</ele>
			</trkpt>
			<trkpt lat="47.795587" lon="11.060085">
				<ele>590.000000</ele>
			</trkpt>
			<trkpt lat="47.795732" lon="11.060129">
				<ele>590.000000</ele>
			</trkpt>
			<trkpt lat="47.795937" lon="11.060255">
				<ele>590.000000</ele>
			</trkpt>
			<trkpt lat="47.796137" lon="11.060328">
				<ele>590.000000</ele>
			</trkpt>
			<trkpt lat="47.796456" lon="11.060399">
				<ele>590.000000</ele>
			</trkpt>
			<trkpt lat="47.796674" lon="11.060408">
				<ele>590.000000</ele>
			</trkpt>
			<trkpt lat="47.797012" lon="11.060381">
				<ele>590.000000</ele>
			</trkpt>
			<trkpt lat="47.797156" lon="11.060425">
				<ele>590.000000</ele>
			</trkpt>
			<trkpt lat="47.797193" lon="11.060444">
				<ele>590.000000</ele>
			</trkpt>
			<trkpt lat="47.797301" lon="11.060498">
				<ele>590.000000</ele>
			</trkpt>
			<trkpt lat="47.797482" lon="11.060615">
				<ele>590.000000</ele>
			</trkpt>
			<trkpt lat="47.797567" lon="11.060668">
				<ele>590.000000</ele>
			</trkpt>
			<trkpt lat="47.797609" lon="11.060704">
				<ele>590.000000</ele>
			</trkpt>
			<trkpt lat="47.797766" lon="11.060812">
				<ele>590.000000</ele>
			</trkpt>
			<trkpt lat="47.797989" lon="11.061010">
				<ele>590.000000</ele>
			</trkpt>
			<trkpt lat="47.798339" lon="11.061378">
				<ele>590.000000</ele>
			</trkpt>
			<trkpt lat="47.798363" lon="11.061406">
				<ele>590.000000</ele>
			</trkpt>
			<trkpt lat="47.798460" lon="11.061523">
				<ele>590.000000</ele>
			</trkpt>
			<trkpt lat="47.798605" lon="11.061693">
				<ele>590.000000</ele>
			</trkpt>
			<trkpt lat="47.798689" lon="11.061783">
				<ele>590.000000</ele>
			</trkpt>
			<trkpt lat="47.798569" lon="11.062088">
				<ele>590.000000</ele>
			</trkpt>
			<trkpt lat="47.798466" lon="11.062016">
				<ele>590.000000</ele>
			</trkpt>
			<trkpt lat="47.798400" lon="11.062079">
				<ele>587.000000</ele>
			</trkpt>
			<trkpt lat="47.798454" lon="11.062186">
				<ele>587.000000</ele>
			</trkpt>
			<trkpt lat="47.798472" lon="11.062322">
				<ele>587.000000</ele>
			</trkpt>
			<trkpt lat="47.798484" lon="11.062438">
				<ele>587.000000</ele>
			</trkpt>
			<trkpt lat="47.798581" lon="11.063372">
				<ele>587.000000</ele>
			</trkpt>
			<trkpt lat="47.798653" lon="11.063435">
				<ele>587.000000</ele>
			</trkpt>
			<trkpt lat="47.798756" lon="11.064001">
				<ele>586.000000</ele>
			</trkpt>
			<trkpt lat="47.798834" lon="11.064486">
				<ele>586.000000</ele>
			</trkpt>
			<trkpt lat="47.798852" lon="11.064675">
				<ele>586.000000</ele>
			</trkpt>
			<trkpt lat="47.798937" lon="11.065519">
				<ele>586.000000</ele>
			</trkpt>
			<trkpt lat="47.799094" lon="11.065861">
				<ele>586.000000</ele>
			</trkpt>
			<trkpt lat="47.799136" lon="11.065941">
				<ele>586.000000</ele>
			</trkpt>
			<trkpt lat="47.799220" lon="11.066175">
				<ele>585.000000</ele>
			</trkpt>
			<trkpt lat="47.799299" lon="11.066373">
				<ele>585.000000</ele>
			</trkpt>
			<trkpt lat="47.799341" lon="11.066534">
				<ele>585.000000</ele>
			</trkpt>
			<trkpt lat="47.799377" lon="11.066696">
				<ele>585.000000</ele>
			</trkpt>
			<trkpt lat="47.799407" lon="11.066823">
				<ele>585.000000</ele>
			</trkpt>
			<trkpt lat="47.799414" lon="11.066849">
				<ele>585.000000</ele>
			</trkpt>
			<trkpt lat="47.799426" lon="11.066939">
				<ele>585.000000</ele>
			</trkpt>
			<trkpt lat="47.799468" lon="11.067272">
				<ele>585.000000</ele>
			</trkpt>
			<trkpt lat="47.799534" lon="11.067576">
				<ele>585.000000</ele>
			</trkpt>
			<trkpt lat="47.799595" lon="11.067891">
				<ele>585.000000</ele>
			</trkpt>
			<trkpt lat="47.799631" lon="11.068142">
				<ele>585.000000</ele>
			</trkpt>
			<trkpt lat="47.799661" lon="11.068439">
				<ele>585.000000</ele>
			</trkpt>
			<trkpt lat="47.799727" lon="11.068798">
				<ele>584.000000</ele>
			</trkpt>
			<trkpt lat="47.799824" lon="11.069050">
				<ele>584.000000</ele>
			</trkpt>
			<trkpt lat="47.799908" lon="11.069140">
				<ele>584.000000</ele>
			</trkpt>
			<trkpt lat="47.799939" lon="11.069167">
				<ele>584.000000</ele>
			</trkpt>
			<trkpt lat="47.799969" lon="11.069356">
				<ele>584.000000</ele>
			</trkpt>
			<trkpt lat="47.799987" lon="11.069786">
				<ele>584.000000</ele>
			</trkpt>
			<trkpt lat="47.800011" lon="11.069930">
				<ele>584.000000</ele>
			</trkpt>
			<trkpt lat="47.800186" lon="11.070784">
				<ele>584.000000</ele>
			</trkpt>
			<trkpt lat="47.800210" lon="11.070891">
				<ele>584.000000</ele>
			</trkpt>
			<trkpt lat="47.800222" lon="11.070936">
				<ele>584.000000</ele>
			</trkpt>
			<trkpt lat="47.800325" lon="11.071431">
				<ele>584.000000</ele>
			</trkpt>
			<trkpt lat="47.800379" lon="11.071700">
				<ele>584.000000</ele>
			</trkpt>
			<trkpt lat="47.800409" lon="11.071826">
				<ele>584.000000</ele>
			</trkpt>
		</trkseg>
	</trk>
</gpx>

